year,origin,destination,trade_flow,is_neighbor,year_fraction
2017,广东,江苏,105.12,0,1.0
2017,广东,浙江,142.0,0,1.0
2017,广东,上海,78.53,0,1.0
2017,广东,山东,74.99,0,1.0
2017,广东,湖北,121.24,0,1.0
2017,广东,湖南,250.59,1,1.0
2017,广东,河南,125.88,0,1.0
2017,广东,安徽,93.42,0,1.0
2017,广东,江西,147.3,1,1.0
2017,广东,四川,83.11,0,1.0
2017,广东,重庆,64.93,0,1.0
2017,广东,陕西,81.91,0,1.0
2017,广东,云南,124.69,0,1.0
2017,广东,贵州,102.97,0,1.0
2017,广东,辽宁,142.98,0,1.0
2017,广东,吉林,102.54,0,1.0
2017,广东,黑龙江,116.15,0,1.0
2017,广东,北京,98.23,0,1.0
2017,广东,天津,102.19,0,1.0
2017,广东,河北,94.18,0,1.0
2017,江苏,广东,98.11,0,1.0
2017,江苏,浙江,212.3,1,1.0
2017,江苏,上海,311.91,1,1.0
2017,江苏,山东,254.77,1,1.0
2017,江苏,湖北,82.88,0,1.0
2017,江苏,湖南,153.61,0,1.0
2017,江苏,河南,61.25,0,1.0
2017,江苏,安徽,295.76,1,1.0
2017,江苏,江西,90.63,0,1.0
2017,江苏,四川,150.86,0,1.0
2017,江苏,重庆,100.53,0,1.0
2017,江苏,陕西,64.19,0,1.0
2017,江苏,云南,49.68,0,1.0
2017,江苏,贵州,56.06,0,1.0
2017,江苏,辽宁,91.31,0,1.0
2017,江苏,吉林,81.62,0,1.0
2017,江苏,黑龙江,118.57,0,1.0
2017,江苏,北京,123.84,0,1.0
2017,江苏,天津,79.76,0,1.0
2017,江苏,河北,63.34,0,1.0
2017,浙江,广东,84.94,0,1.0
2017,浙江,江苏,239.02,1,1.0
2017,浙江,上海,204.41,1,1.0
2017,浙江,山东,72.17,0,1.0
2017,浙江,湖北,111.04,0,1.0
2017,浙江,湖南,74.79,0,1.0
2017,浙江,河南,50.14,0,1.0
2017,浙江,安徽,139.73,1,1.0
2017,浙江,江西,188.49,1,1.0
2017,浙江,四川,149.05,0,1.0
2017,浙江,重庆,121.81,0,1.0
2017,浙江,陕西,154.89,0,1.0
2017,浙江,云南,75.64,0,1.0
2017,浙江,贵州,94.88,0,1.0
2017,浙江,辽宁,76.69,0,1.0
2017,浙江,吉林,47.49,0,1.0
2017,浙江,黑龙江,97.29,0,1.0
2017,浙江,北京,116.35,0,1.0
2017,浙江,天津,83.62,0,1.0
2017,浙江,河北,96.77,0,1.0
2017,上海,广东,125.23,0,1.0
2017,上海,江苏,225.23,1,1.0
2017,上海,浙江,340.55,1,1.0
2017,上海,山东,81.74,0,1.0
2017,上海,湖北,90.74,0,1.0
2017,上海,湖南,85.97,0,1.0
2017,上海,河南,67.79,0,1.0
2017,上海,安徽,80.59,0,1.0
2017,上海,江西,83.83,0,1.0
2017,上海,四川,56.03,0,1.0
2017,上海,重庆,125.05,0,1.0
2017,上海,陕西,164.1,0,1.0
2017,上海,云南,125.78,0,1.0
2017,上海,贵州,110.45,0,1.0
2017,上海,辽宁,57.67,0,1.0
2017,上海,吉林,93.88,0,1.0
2017,上海,黑龙江,116.84,0,1.0
2017,上海,北京,157.85,0,1.0
2017,上海,天津,142.78,0,1.0
2017,上海,河北,145.78,0,1.0
2017,山东,广东,118.11,0,1.0
2017,山东,江苏,213.62,1,1.0
2017,山东,浙江,116.26,0,1.0
2017,山东,上海,105.75,0,1.0
2017,山东,湖北,70.96,0,1.0
2017,山东,湖南,152.51,0,1.0
2017,山东,河南,207.89,1,1.0
2017,山东,安徽,231.2,1,1.0
2017,山东,江西,142.61,0,1.0
2017,山东,四川,99.31,0,1.0
2017,山东,重庆,122.36,0,1.0
2017,山东,陕西,74.09,0,1.0
2017,山东,云南,61.54,0,1.0
2017,山东,贵州,64.83,0,1.0
2017,山东,辽宁,55.63,0,1.0
2017,山东,吉林,98.77,0,1.0
2017,山东,黑龙江,133.85,0,1.0
2017,山东,北京,54.93,0,1.0
2017,山东,天津,145.62,0,1.0
2017,山东,河北,185.88,1,1.0
2017,湖北,广东,98.08,0,1.0
2017,湖北,江苏,94.19,0,1.0
2017,湖北,浙江,98.28,0,1.0
2017,湖北,上海,49.46,0,1.0
2017,湖北,山东,121.91,0,1.0
2017,湖北,湖南,172.79,1,1.0
2017,湖北,河南,284.02,1,1.0
2017,湖北,安徽,216.52,1,1.0
2017,湖北,江西,142.64,1,1.0
2017,湖北,四川,103.33,0,1.0
2017,湖北,重庆,164.52,1,1.0
2017,湖北,陕西,275.76,1,1.0
2017,湖北,云南,115.67,0,1.0
2017,湖北,贵州,98.05,0,1.0
2017,湖北,辽宁,140.81,0,1.0
2017,湖北,吉林,51.87,0,1.0
2017,湖北,黑龙江,137.61,0,1.0
2017,湖北,北京,105.14,0,1.0
2017,湖北,天津,149.82,0,1.0
2017,湖北,河北,66.0,0,1.0
2017,湖南,广东,327.17,1,1.0
2017,湖南,江苏,161.94,0,1.0
2017,湖南,浙江,67.24,0,1.0
2017,湖南,上海,143.22,0,1.0
2017,湖南,山东,78.21,0,1.0
2017,湖南,湖北,118.96,1,1.0
2017,湖南,河南,115.24,0,1.0
2017,湖南,安徽,79.84,0,1.0
2017,湖南,江西,122.01,1,1.0
2017,湖南,四川,86.51,0,1.0
2017,湖南,重庆,279.22,1,1.0
2017,湖南,陕西,147.65,0,1.0
2017,湖南,云南,140.89,0,1.0
2017,湖南,贵州,177.97,1,1.0
2017,湖南,辽宁,83.65,0,1.0
2017,湖南,吉林,154.03,0,1.0
2017,湖南,黑龙江,115.71,0,1.0
2017,湖南,北京,91.27,0,1.0
2017,湖南,天津,78.03,0,1.0
2017,湖南,河北,78.14,0,1.0
2017,河南,广东,78.96,0,1.0
2017,河南,江苏,63.01,0,1.0
2017,河南,浙江,164.09,0,1.0
2017,河南,上海,134.23,0,1.0
2017,河南,山东,202.21,1,1.0
2017,河南,湖北,204.76,1,1.0
2017,河南,湖南,141.62,0,1.0
2017,河南,安徽,114.67,1,1.0
2017,河南,江西,58.28,0,1.0
2017,河南,四川,53.28,0,1.0
2017,河南,重庆,150.77,0,1.0
2017,河南,陕西,296.36,1,1.0
2017,河南,云南,108.64,0,1.0
2017,河南,贵州,137.0,0,1.0
2017,河南,辽宁,109.07,0,1.0
2017,河南,吉林,144.54,0,1.0
2017,河南,黑龙江,52.94,0,1.0
2017,河南,北京,134.37,0,1.0
2017,河南,天津,84.62,0,1.0
2017,河南,河北,331.88,1,1.0
2017,安徽,广东,129.84,0,1.0
2017,安徽,江苏,279.73,1,1.0
2017,安徽,浙江,114.33,1,1.0
2017,安徽,上海,128.36,0,1.0
2017,安徽,山东,157.52,1,1.0
2017,安徽,湖北,122.95,1,1.0
2017,安徽,湖南,173.03,0,1.0
2017,安徽,河南,187.61,1,1.0
2017,安徽,江西,226.75,1,1.0
2017,安徽,四川,113.37,0,1.0
2017,安徽,重庆,83.49,0,1.0
2017,安徽,陕西,69.9,0,1.0
2017,安徽,云南,125.21,0,1.0
2017,安徽,贵州,51.82,0,1.0
2017,安徽,辽宁,124.26,0,1.0
2017,安徽,吉林,65.81,0,1.0
2017,安徽,黑龙江,85.06,0,1.0
2017,安徽,北京,91.22,0,1.0
2017,安徽,天津,46.38,0,1.0
2017,安徽,河北,123.94,0,1.0
2017,江西,广东,123.53,1,1.0
2017,江西,江苏,149.33,0,1.0
2017,江西,浙江,190.35,1,1.0
2017,江西,上海,80.57,0,1.0
2017,江西,山东,117.67,0,1.0
2017,江西,湖北,143.4,1,1.0
2017,江西,湖南,192.38,1,1.0
2017,江西,河南,70.44,0,1.0
2017,江西,安徽,267.34,1,1.0
2017,江西,四川,46.67,0,1.0
2017,江西,重庆,121.16,0,1.0
2017,江西,陕西,65.01,0,1.0
2017,江西,云南,90.69,0,1.0
2017,江西,贵州,111.73,0,1.0
2017,江西,辽宁,95.91,0,1.0
2017,江西,吉林,119.56,0,1.0
2017,江西,黑龙江,80.6,0,1.0
2017,江西,北京,69.41,0,1.0
2017,江西,天津,82.06,0,1.0
2017,江西,河北,164.66,0,1.0
2017,四川,广东,106.7,0,1.0
2017,四川,江苏,108.62,0,1.0
2017,四川,浙江,91.81,0,1.0
2017,四川,上海,77.7,0,1.0
2017,四川,山东,147.92,0,1.0
2017,四川,湖北,126.86,0,1.0
2017,四川,湖南,128.87,0,1.0
2017,四川,河南,79.58,0,1.0
2017,四川,安徽,62.99,0,1.0
2017,四川,江西,147.04,0,1.0
2017,四川,重庆,137.69,1,1.0
2017,四川,陕西,297.6,1,1.0
2017,四川,云南,198.85,1,1.0
2017,四川,贵州,97.37,1,1.0
2017,四川,辽宁,112.15,0,1.0
2017,四川,吉林,101.68,0,1.0
2017,四川,黑龙江,125.37,0,1.0
2017,四川,北京,87.12,0,1.0
2017,四川,天津,122.58,0,1.0
2017,四川,河北,107.17,0,1.0
2017,重庆,广东,62.21,0,1.0
2017,重庆,江苏,132.35,0,1.0
2017,重庆,浙江,93.54,0,1.0
2017,重庆,上海,81.15,0,1.0
2017,重庆,山东,68.87,0,1.0
2017,重庆,湖北,190.49,1,1.0
2017,重庆,湖南,246.9,1,1.0
2017,重庆,河南,113.67,0,1.0
2017,重庆,安徽,98.39,0,1.0
2017,重庆,江西,54.77,0,1.0
2017,重庆,四川,97.61,1,1.0
2017,重庆,陕西,191.58,1,1.0
2017,重庆,云南,136.73,0,1.0
2017,重庆,贵州,153.66,1,1.0
2017,重庆,辽宁,151.07,0,1.0
2017,重庆,吉林,59.83,0,1.0
2017,重庆,黑龙江,127.29,0,1.0
2017,重庆,北京,55.09,0,1.0
2017,重庆,天津,74.79,0,1.0
2017,重庆,河北,82.5,0,1.0
2017,陕西,广东,79.11,0,1.0
2017,陕西,江苏,156.25,0,1.0
2017,陕西,浙江,116.57,0,1.0
2017,陕西,上海,102.59,0,1.0
2017,陕西,山东,72.38,0,1.0
2017,陕西,湖北,206.61,1,1.0
2017,陕西,湖南,59.17,0,1.0
2017,陕西,河南,108.85,1,1.0
2017,陕西,安徽,73.27,0,1.0
2017,陕西,江西,86.17,0,1.0
2017,陕西,四川,259.63,1,1.0
2017,陕西,重庆,260.22,1,1.0
2017,陕西,云南,94.08,0,1.0
2017,陕西,贵州,93.39,0,1.0
2017,陕西,辽宁,53.03,0,1.0
2017,陕西,吉林,58.37,0,1.0
2017,陕西,黑龙江,64.68,0,1.0
2017,陕西,北京,103.35,0,1.0
2017,陕西,天津,89.88,0,1.0
2017,陕西,河北,107.84,0,1.0
2017,云南,广东,98.07,0,1.0
2017,云南,江苏,82.57,0,1.0
2017,云南,浙江,127.1,0,1.0
2017,云南,上海,63.74,0,1.0
2017,云南,山东,66.73,0,1.0
2017,云南,湖北,87.81,0,1.0
2017,云南,湖南,91.94,0,1.0
2017,云南,河南,106.82,0,1.0
2017,云南,安徽,113.41,0,1.0
2017,云南,江西,58.42,0,1.0
2017,云南,四川,182.23,1,1.0
2017,云南,重庆,71.28,0,1.0
2017,云南,陕西,112.37,0,1.0
2017,云南,贵州,318.0,1,1.0
2017,云南,辽宁,48.29,0,1.0
2017,云南,吉林,49.81,0,1.0
2017,云南,黑龙江,106.39,0,1.0
2017,云南,北京,102.04,0,1.0
2017,云南,天津,104.2,0,1.0
2017,云南,河北,61.7,0,1.0
2017,贵州,广东,120.91,0,1.0
2017,贵州,江苏,64.04,0,1.0
2017,贵州,浙江,107.66,0,1.0
2017,贵州,上海,59.3,0,1.0
2017,贵州,山东,108.08,0,1.0
2017,贵州,湖北,40.97,0,1.0
2017,贵州,湖南,301.98,1,1.0
2017,贵州,河南,104.65,0,1.0
2017,贵州,安徽,142.94,0,1.0
2017,贵州,江西,151.75,0,1.0
2017,贵州,四川,132.83,1,1.0
2017,贵州,重庆,136.7,1,1.0
2017,贵州,陕西,62.46,0,1.0
2017,贵州,云南,202.71,1,1.0
2017,贵州,辽宁,106.95,0,1.0
2017,贵州,吉林,60.22,0,1.0
2017,贵州,黑龙江,83.91,0,1.0
2017,贵州,北京,112.52,0,1.0
2017,贵州,天津,104.58,0,1.0
2017,贵州,河北,102.9,0,1.0
2017,辽宁,广东,132.43,0,1.0
2017,辽宁,江苏,139.04,0,1.0
2017,辽宁,浙江,160.16,0,1.0
2017,辽宁,上海,60.88,0,1.0
2017,辽宁,山东,108.24,0,1.0
2017,辽宁,湖北,95.72,0,1.0
2017,辽宁,湖南,158.72,0,1.0
2017,辽宁,河南,151.11,0,1.0
2017,辽宁,安徽,146.27,0,1.0
2017,辽宁,江西,58.37,0,1.0
2017,辽宁,四川,124.54,0,1.0
2017,辽宁,重庆,91.95,0,1.0
2017,辽宁,陕西,161.46,0,1.0
2017,辽宁,云南,127.27,0,1.0
2017,辽宁,贵州,78.98,0,1.0
2017,辽宁,吉林,303.4,1,1.0
2017,辽宁,黑龙江,98.46,0,1.0
2017,辽宁,北京,140.23,0,1.0
2017,辽宁,天津,80.75,0,1.0
2017,辽宁,河北,174.15,1,1.0
2017,吉林,广东,56.97,0,1.0
2017,吉林,江苏,51.93,0,1.0
2017,吉林,浙江,90.63,0,1.0
2017,吉林,上海,91.1,0,1.0
2017,吉林,山东,122.82,0,1.0
2017,吉林,湖北,90.75,0,1.0
2017,吉林,湖南,117.51,0,1.0
2017,吉林,河南,44.46,0,1.0
2017,吉林,安徽,74.54,0,1.0
2017,吉林,江西,125.19,0,1.0
2017,吉林,四川,138.36,0,1.0
2017,吉林,重庆,152.89,0,1.0
2017,吉林,陕西,131.13,0,1.0
2017,吉林,云南,102.05,0,1.0
2017,吉林,贵州,66.01,0,1.0
2017,吉林,辽宁,209.93,1,1.0
2017,吉林,黑龙江,196.71,1,1.0
2017,吉林,北京,81.89,0,1.0
2017,吉林,天津,104.87,0,1.0
2017,吉林,河北,139.66,0,1.0
2017,黑龙江,广东,73.25,0,1.0
2017,黑龙江,江苏,87.05,0,1.0
2017,黑龙江,浙江,128.75,0,1.0
2017,黑龙江,上海,120.86,0,1.0
2017,黑龙江,山东,141.29,0,1.0
2017,黑龙江,湖北,97.77,0,1.0
2017,黑龙江,湖南,43.19,0,1.0
2017,黑龙江,河南,89.36,0,1.0
2017,黑龙江,安徽,143.12,0,1.0
2017,黑龙江,江西,74.78,0,1.0
2017,黑龙江,四川,147.32,0,1.0
2017,黑龙江,重庆,50.56,0,1.0
2017,黑龙江,陕西,91.55,0,1.0
2017,黑龙江,云南,64.17,0,1.0
2017,黑龙江,贵州,115.97,0,1.0
2017,黑龙江,辽宁,88.09,0,1.0
2017,黑龙江,吉林,188.48,1,1.0
2017,黑龙江,北京,95.65,0,1.0
2017,黑龙江,天津,69.9,0,1.0
2017,黑龙江,河北,93.29,0,1.0
2017,北京,广东,125.28,0,1.0
2017,北京,江苏,75.94,0,1.0
2017,北京,浙江,86.39,0,1.0
2017,北京,上海,82.54,0,1.0
2017,北京,山东,82.0,0,1.0
2017,北京,湖北,84.48,0,1.0
2017,北京,湖南,87.02,0,1.0
2017,北京,河南,78.36,0,1.0
2017,北京,安徽,114.98,0,1.0
2017,北京,江西,131.03,0,1.0
2017,北京,四川,135.47,0,1.0
2017,北京,重庆,159.14,0,1.0
2017,北京,陕西,148.39,0,1.0
2017,北京,云南,134.82,0,1.0
2017,北京,贵州,123.18,0,1.0
2017,北京,辽宁,70.99,0,1.0
2017,北京,吉林,122.64,0,1.0
2017,北京,黑龙江,114.92,0,1.0
2017,北京,天津,196.0,1,1.0
2017,北京,河北,311.98,1,1.0
2017,天津,广东,154.04,0,1.0
2017,天津,江苏,53.57,0,1.0
2017,天津,浙江,45.61,0,1.0
2017,天津,上海,48.25,0,1.0
2017,天津,山东,158.07,0,1.0
2017,天津,湖北,109.88,0,1.0
2017,天津,湖南,54.73,0,1.0
2017,天津,河南,156.35,0,1.0
2017,天津,安徽,65.16,0,1.0
2017,天津,江西,133.32,0,1.0
2017,天津,四川,104.02,0,1.0
2017,天津,重庆,89.57,0,1.0
2017,天津,陕西,82.02,0,1.0
2017,天津,云南,103.73,0,1.0
2017,天津,贵州,161.71,0,1.0
2017,天津,辽宁,111.24,0,1.0
2017,天津,吉林,114.32,0,1.0
2017,天津,黑龙江,90.79,0,1.0
2017,天津,北京,154.81,1,1.0
2017,天津,河北,201.57,1,1.0
2017,河北,广东,63.8,0,1.0
2017,河北,江苏,124.09,0,1.0
2017,河北,浙江,87.11,0,1.0
2017,河北,上海,134.27,0,1.0
2017,河北,山东,158.11,1,1.0
2017,河北,湖北,52.1,0,1.0
2017,河北,湖南,156.83,0,1.0
2017,河北,河南,273.56,1,1.0
2017,河北,安徽,76.63,0,1.0
2017,河北,江西,108.92,0,1.0
2017,河北,四川,64.99,0,1.0
2017,河北,重庆,108.27,0,1.0
2017,河北,陕西,97.31,0,1.0
2017,河北,云南,67.7,0,1.0
2017,河北,贵州,144.07,0,1.0
2017,河北,辽宁,136.78,1,1.0
2017,河北,吉林,126.28,0,1.0
2017,河北,黑龙江,94.04,0,1.0
2017,河北,北京,269.37,1,1.0
2017,河北,天津,115.87,1,1.0
2018,广东,江苏,129.17,0,1.0
2018,广东,浙江,138.17,0,1.0
2018,广东,上海,140.83,0,1.0
2018,广东,山东,143.57,0,1.0
2018,广东,湖北,131.6,0,1.0
2018,广东,湖南,148.11,1,1.0
2018,广东,河南,117.63,0,1.0
2018,广东,安徽,78.55,0,1.0
2018,广东,江西,222.02,1,1.0
2018,广东,四川,170.7,0,1.0
2018,广东,重庆,121.65,0,1.0
2018,广东,陕西,137.16,0,1.0
2018,广东,云南,106.47,0,1.0
2018,广东,贵州,113.28,0,1.0
2018,广东,辽宁,60.5,0,1.0
2018,广东,吉林,142.05,0,1.0
2018,广东,黑龙江,82.21,0,1.0
2018,广东,北京,133.56,0,1.0
2018,广东,天津,153.75,0,1.0
2018,广东,河北,89.9,0,1.0
2018,江苏,广东,64.49,0,1.0
2018,江苏,浙江,143.89,1,1.0
2018,江苏,上海,265.51,1,1.0
2018,江苏,山东,138.14,1,1.0
2018,江苏,湖北,63.17,0,1.0
2018,江苏,湖南,140.07,0,1.0
2018,江苏,河南,75.39,0,1.0
2018,江苏,安徽,178.3,1,1.0
2018,江苏,江西,130.13,0,1.0
2018,江苏,四川,60.25,0,1.0
2018,江苏,重庆,131.68,0,1.0
2018,江苏,陕西,144.08,0,1.0
2018,江苏,云南,150.88,0,1.0
2018,江苏,贵州,110.38,0,1.0
2018,江苏,辽宁,80.7,0,1.0
2018,江苏,吉林,101.44,0,1.0
2018,江苏,黑龙江,61.65,0,1.0
2018,江苏,北京,79.27,0,1.0
2018,江苏,天津,82.0,0,1.0
2018,江苏,河北,126.29,0,1.0
2018,浙江,广东,117.25,0,1.0
2018,浙江,江苏,131.8,1,1.0
2018,浙江,上海,179.8,1,1.0
2018,浙江,山东,106.31,0,1.0
2018,浙江,湖北,115.08,0,1.0
2018,浙江,湖南,68.37,0,1.0
2018,浙江,河南,86.73,0,1.0
2018,浙江,安徽,113.7,1,1.0
2018,浙江,江西,214.76,1,1.0
2018,浙江,四川,128.58,0,1.0
2018,浙江,重庆,96.91,0,1.0
2018,浙江,陕西,104.03,0,1.0
2018,浙江,云南,66.61,0,1.0
2018,浙江,贵州,51.71,0,1.0
2018,浙江,辽宁,77.57,0,1.0
2018,浙江,吉林,77.46,0,1.0
2018,浙江,黑龙江,135.79,0,1.0
2018,浙江,北京,103.23,0,1.0
2018,浙江,天津,102.08,0,1.0
2018,浙江,河北,81.19,0,1.0
2018,上海,广东,72.15,0,1.0
2018,上海,江苏,141.21,1,1.0
2018,上海,浙江,186.7,1,1.0
2018,上海,山东,82.8,0,1.0
2018,上海,湖北,56.9,0,1.0
2018,上海,湖南,131.14,0,1.0
2018,上海,河南,62.93,0,1.0
2018,上海,安徽,60.76,0,1.0
2018,上海,江西,111.16,0,1.0
2018,上海,四川,91.28,0,1.0
2018,上海,重庆,85.26,0,1.0
2018,上海,陕西,91.18,0,1.0
2018,上海,云南,64.98,0,1.0
2018,上海,贵州,136.77,0,1.0
2018,上海,辽宁,111.39,0,1.0
2018,上海,吉林,105.61,0,1.0
2018,上海,黑龙江,155.24,0,1.0
2018,上海,北京,51.19,0,1.0
2018,上海,天津,98.17,0,1.0
2018,上海,河北,134.91,0,1.0
2018,山东,广东,156.11,0,1.0
2018,山东,江苏,147.24,1,1.0
2018,山东,浙江,51.68,0,1.0
2018,山东,上海,108.87,0,1.0
2018,山东,湖北,111.2,0,1.0
2018,山东,湖南,164.64,0,1.0
2018,山东,河南,240.69,1,1.0
2018,山东,安徽,274.39,1,1.0
2018,山东,江西,91.13,0,1.0
2018,山东,四川,114.81,0,1.0
2018,山东,重庆,63.27,0,1.0
2018,山东,陕西,151.5,0,1.0
2018,山东,云南,86.23,0,1.0
2018,山东,贵州,124.25,0,1.0
2018,山东,辽宁,97.27,0,1.0
2018,山东,吉林,152.23,0,1.0
2018,山东,黑龙江,112.76,0,1.0
2018,山东,北京,66.9,0,1.0
2018,山东,天津,95.08,0,1.0
2018,山东,河北,135.68,1,1.0
2018,湖北,广东,142.2,0,1.0
2018,湖北,江苏,138.94,0,1.0
2018,湖北,浙江,84.48,0,1.0
2018,湖北,上海,87.81,0,1.0
2018,湖北,山东,135.55,0,1.0
2018,湖北,湖南,295.31,1,1.0
2018,湖北,河南,292.68,1,1.0
2018,湖北,安徽,198.48,1,1.0
2018,湖北,江西,180.36,1,1.0
2018,湖北,四川,82.85,0,1.0
2018,湖北,重庆,111.46,1,1.0
2018,湖北,陕西,178.62,1,1.0
2018,湖北,云南,75.97,0,1.0
2018,湖北,贵州,128.32,0,1.0
2018,湖北,辽宁,126.85,0,1.0
2018,湖北,吉林,90.38,0,1.0
2018,湖北,黑龙江,130.79,0,1.0
2018,湖北,北京,106.38,0,1.0
2018,湖北,天津,60.62,0,1.0
2018,湖北,河北,168.45,0,1.0
2018,湖南,广东,250.44,1,1.0
2018,湖南,江苏,105.04,0,1.0
2018,湖南,浙江,118.95,0,1.0
2018,湖南,上海,80.32,0,1.0
2018,湖南,山东,52.44,0,1.0
2018,湖南,湖北,199.45,1,1.0
2018,湖南,河南,78.51,0,1.0
2018,湖南,安徽,105.67,0,1.0
2018,湖南,江西,224.27,1,1.0
2018,湖南,四川,156.6,0,1.0
2018,湖南,重庆,120.82,1,1.0
2018,湖南,陕西,147.27,0,1.0
2018,湖南,云南,125.62,0,1.0
2018,湖南,贵州,202.47,1,1.0
2018,湖南,辽宁,75.02,0,1.0
2018,湖南,吉林,149.99,0,1.0
2018,湖南,黑龙江,154.56,0,1.0
2018,湖南,北京,115.71,0,1.0
2018,湖南,天津,114.23,0,1.0
2018,湖南,河北,89.93,0,1.0
2018,河南,广东,159.01,0,1.0
2018,河南,江苏,77.91,0,1.0
2018,河南,浙江,123.83,0,1.0
2018,河南,上海,149.48,0,1.0
2018,河南,山东,232.37,1,1.0
2018,河南,湖北,305.42,1,1.0
2018,河南,湖南,139.24,0,1.0
2018,河南,安徽,181.69,1,1.0
2018,河南,江西,93.53,0,1.0
2018,河南,四川,107.63,0,1.0
2018,河南,重庆,76.31,0,1.0
2018,河南,陕西,149.58,1,1.0
2018,河南,云南,76.39,0,1.0
2018,河南,贵州,49.29,0,1.0
2018,河南,辽宁,60.21,0,1.0
2018,河南,吉林,50.6,0,1.0
2018,河南,黑龙江,124.41,0,1.0
2018,河南,北京,72.07,0,1.0
2018,河南,天津,125.79,0,1.0
2018,河南,河北,243.45,1,1.0
2018,安徽,广东,83.66,0,1.0
2018,安徽,江苏,152.23,1,1.0
2018,安徽,浙江,159.08,1,1.0
2018,安徽,上海,138.6,0,1.0
2018,安徽,山东,260.15,1,1.0
2018,安徽,湖北,301.33,1,1.0
2018,安徽,湖南,148.24,0,1.0
2018,安徽,河南,247.81,1,1.0
2018,安徽,江西,299.36,1,1.0
2018,安徽,四川,115.69,0,1.0
2018,安徽,重庆,129.58,0,1.0
2018,安徽,陕西,142.6,0,1.0
2018,安徽,云南,155.62,0,1.0
2018,安徽,贵州,113.8,0,1.0
2018,安徽,辽宁,72.0,0,1.0
2018,安徽,吉林,81.21,0,1.0
2018,安徽,黑龙江,102.8,0,1.0
2018,安徽,北京,102.45,0,1.0
2018,安徽,天津,65.93,0,1.0
2018,安徽,河北,74.84,0,1.0
2018,江西,广东,203.86,1,1.0
2018,江西,江苏,130.89,0,1.0
2018,江西,浙江,130.91,1,1.0
2018,江西,上海,141.35,0,1.0
2018,江西,山东,102.85,0,1.0
2018,江西,湖北,191.51,1,1.0
2018,江西,湖南,288.92,1,1.0
2018,江西,河南,158.89,0,1.0
2018,江西,安徽,320.75,1,1.0
2018,江西,四川,166.02,0,1.0
2018,江西,重庆,152.22,0,1.0
2018,江西,陕西,88.78,0,1.0
2018,江西,云南,96.4,0,1.0
2018,江西,贵州,122.71,0,1.0
2018,江西,辽宁,130.94,0,1.0
2018,江西,吉林,87.67,0,1.0
2018,江西,黑龙江,68.07,0,1.0
2018,江西,北京,102.38,0,1.0
2018,江西,天津,128.64,0,1.0
2018,江西,河北,95.69,0,1.0
2018,四川,广东,74.58,0,1.0
2018,四川,江苏,162.24,0,1.0
2018,四川,浙江,147.13,0,1.0
2018,四川,上海,52.74,0,1.0
2018,四川,山东,160.55,0,1.0
2018,四川,湖北,119.24,0,1.0
2018,四川,湖南,141.59,0,1.0
2018,四川,河南,177.35,0,1.0
2018,四川,安徽,141.08,0,1.0
2018,四川,江西,149.22,0,1.0
2018,四川,重庆,211.84,1,1.0
2018,四川,陕西,251.46,1,1.0
2018,四川,云南,161.97,1,1.0
2018,四川,贵州,204.55,1,1.0
2018,四川,辽宁,134.32,0,1.0
2018,四川,吉林,165.47,0,1.0
2018,四川,黑龙江,137.91,0,1.0
2018,四川,北京,87.57,0,1.0
2018,四川,天津,95.43,0,1.0
2018,四川,河北,116.09,0,1.0
2018,重庆,广东,46.54,0,1.0
2018,重庆,江苏,69.77,0,1.0
2018,重庆,浙江,156.55,0,1.0
2018,重庆,上海,154.97,0,1.0
2018,重庆,山东,101.64,0,1.0
2018,重庆,湖北,364.1,1,1.0
2018,重庆,湖南,294.93,1,1.0
2018,重庆,河南,96.99,0,1.0
2018,重庆,安徽,70.36,0,1.0
2018,重庆,江西,173.42,0,1.0
2018,重庆,四川,121.73,1,1.0
2018,重庆,陕西,144.51,1,1.0
2018,重庆,云南,130.96,0,1.0
2018,重庆,贵州,194.52,1,1.0
2018,重庆,辽宁,105.37,0,1.0
2018,重庆,吉林,102.04,0,1.0
2018,重庆,黑龙江,125.53,0,1.0
2018,重庆,北京,137.14,0,1.0
2018,重庆,天津,97.26,0,1.0
2018,重庆,河北,91.72,0,1.0
2018,陕西,广东,115.33,0,1.0
2018,陕西,江苏,99.99,0,1.0
2018,陕西,浙江,114.46,0,1.0
2018,陕西,上海,125.46,0,1.0
2018,陕西,山东,147.37,0,1.0
2018,陕西,湖北,125.83,1,1.0
2018,陕西,湖南,136.75,0,1.0
2018,陕西,河南,194.67,1,1.0
2018,陕西,安徽,116.59,0,1.0
2018,陕西,江西,93.78,0,1.0
2018,陕西,四川,124.47,1,1.0
2018,陕西,重庆,130.92,1,1.0
2018,陕西,云南,86.51,0,1.0
2018,陕西,贵州,117.77,0,1.0
2018,陕西,辽宁,48.47,0,1.0
2018,陕西,吉林,144.37,0,1.0
2018,陕西,黑龙江,103.75,0,1.0
2018,陕西,北京,89.55,0,1.0
2018,陕西,天津,135.64,0,1.0
2018,陕西,河北,68.03,0,1.0
2018,云南,广东,78.54,0,1.0
2018,云南,江苏,57.65,0,1.0
2018,云南,浙江,68.03,0,1.0
2018,云南,上海,147.62,0,1.0
2018,云南,山东,130.99,0,1.0
2018,云南,湖北,82.55,0,1.0
2018,云南,湖南,124.42,0,1.0
2018,云南,河南,157.09,0,1.0
2018,云南,安徽,75.78,0,1.0
2018,云南,江西,64.6,0,1.0
2018,云南,四川,226.57,1,1.0
2018,云南,重庆,71.48,0,1.0
2018,云南,陕西,110.25,0,1.0
2018,云南,贵州,222.86,1,1.0
2018,云南,辽宁,117.47,0,1.0
2018,云南,吉林,154.41,0,1.0
2018,云南,黑龙江,100.56,0,1.0
2018,云南,北京,90.29,0,1.0
2018,云南,天津,56.58,0,1.0
2018,云南,河北,137.45,0,1.0
2018,贵州,广东,69.06,0,1.0
2018,贵州,江苏,117.34,0,1.0
2018,贵州,浙江,73.59,0,1.0
2018,贵州,上海,153.54,0,1.0
2018,贵州,山东,149.12,0,1.0
2018,贵州,湖北,78.2,0,1.0
2018,贵州,湖南,161.26,1,1.0
2018,贵州,河南,169.73,0,1.0
2018,贵州,安徽,126.19,0,1.0
2018,贵州,江西,63.96,0,1.0
2018,贵州,四川,299.57,1,1.0
2018,贵州,重庆,238.98,1,1.0
2018,贵州,陕西,139.9,0,1.0
2018,贵州,云南,250.45,1,1.0
2018,贵州,辽宁,136.55,0,1.0
2018,贵州,吉林,117.75,0,1.0
2018,贵州,黑龙江,94.88,0,1.0
2018,贵州,北京,155.11,0,1.0
2018,贵州,天津,145.55,0,1.0
2018,贵州,河北,124.26,0,1.0
2018,辽宁,广东,155.54,0,1.0
2018,辽宁,江苏,162.55,0,1.0
2018,辽宁,浙江,105.84,0,1.0
2018,辽宁,上海,141.05,0,1.0
2018,辽宁,山东,104.63,0,1.0
2018,辽宁,湖北,55.15,0,1.0
2018,辽宁,湖南,58.97,0,1.0
2018,辽宁,河南,68.12,0,1.0
2018,辽宁,安徽,130.15,0,1.0
2018,辽宁,江西,72.38,0,1.0
2018,辽宁,四川,90.85,0,1.0
2018,辽宁,重庆,90.25,0,1.0
2018,辽宁,陕西,157.81,0,1.0
2018,辽宁,云南,50.83,0,1.0
2018,辽宁,贵州,74.6,0,1.0
2018,辽宁,吉林,211.4,1,1.0
2018,辽宁,黑龙江,122.19,0,1.0
2018,辽宁,北京,95.35,0,1.0
2018,辽宁,天津,63.07,0,1.0
2018,辽宁,河北,305.06,1,1.0
2018,吉林,广东,73.61,0,1.0
2018,吉林,江苏,132.13,0,1.0
2018,吉林,浙江,145.75,0,1.0
2018,吉林,上海,110.53,0,1.0
2018,吉林,山东,85.1,0,1.0
2018,吉林,湖北,126.39,0,1.0
2018,吉林,湖南,55.87,0,1.0
2018,吉林,河南,122.58,0,1.0
2018,吉林,安徽,82.84,0,1.0
2018,吉林,江西,132.0,0,1.0
2018,吉林,四川,74.12,0,1.0
2018,吉林,重庆,71.33,0,1.0
2018,吉林,陕西,124.62,0,1.0
2018,吉林,云南,69.08,0,1.0
2018,吉林,贵州,68.97,0,1.0
2018,吉林,辽宁,235.1,1,1.0
2018,吉林,黑龙江,256.12,1,1.0
2018,吉林,北京,127.35,0,1.0
2018,吉林,天津,71.03,0,1.0
2018,吉林,河北,82.51,0,1.0
2018,黑龙江,广东,138.91,0,1.0
2018,黑龙江,江苏,117.49,0,1.0
2018,黑龙江,浙江,108.92,0,1.0
2018,黑龙江,上海,164.77,0,1.0
2018,黑龙江,山东,68.01,0,1.0
2018,黑龙江,湖北,100.99,0,1.0
2018,黑龙江,湖南,148.27,0,1.0
2018,黑龙江,河南,163.9,0,1.0
2018,黑龙江,安徽,92.73,0,1.0
2018,黑龙江,江西,121.1,0,1.0
2018,黑龙江,四川,102.95,0,1.0
2018,黑龙江,重庆,71.33,0,1.0
2018,黑龙江,陕西,136.46,0,1.0
2018,黑龙江,云南,99.41,0,1.0
2018,黑龙江,贵州,72.2,0,1.0
2018,黑龙江,辽宁,71.96,0,1.0
2018,黑龙江,吉林,187.73,1,1.0
2018,黑龙江,北京,125.3,0,1.0
2018,黑龙江,天津,154.03,0,1.0
2018,黑龙江,河北,127.22,0,1.0
2018,北京,广东,89.6,0,1.0
2018,北京,江苏,123.98,0,1.0
2018,北京,浙江,101.84,0,1.0
2018,北京,上海,147.91,0,1.0
2018,北京,山东,71.73,0,1.0
2018,北京,湖北,92.49,0,1.0
2018,北京,湖南,134.23,0,1.0
2018,北京,河南,84.24,0,1.0
2018,北京,安徽,177.35,0,1.0
2018,北京,江西,109.99,0,1.0
2018,北京,四川,154.16,0,1.0
2018,北京,重庆,73.69,0,1.0
2018,北京,陕西,69.41,0,1.0
2018,北京,云南,158.44,0,1.0
2018,北京,贵州,73.94,0,1.0
2018,北京,辽宁,104.94,0,1.0
2018,北京,吉林,51.73,0,1.0
2018,北京,黑龙江,91.67,0,1.0
2018,北京,天津,144.85,1,1.0
2018,北京,河北,204.94,1,1.0
2018,天津,广东,69.57,0,1.0
2018,天津,江苏,128.74,0,1.0
2018,天津,浙江,130.22,0,1.0
2018,天津,上海,150.05,0,1.0
2018,天津,山东,74.97,0,1.0
2018,天津,湖北,146.33,0,1.0
2018,天津,湖南,178.08,0,1.0
2018,天津,河南,110.02,0,1.0
2018,天津,安徽,58.28,0,1.0
2018,天津,江西,140.48,0,1.0
2018,天津,四川,107.42,0,1.0
2018,天津,重庆,140.43,0,1.0
2018,天津,陕西,57.75,0,1.0
2018,天津,云南,108.34,0,1.0
2018,天津,贵州,176.94,0,1.0
2018,天津,辽宁,67.58,0,1.0
2018,天津,吉林,138.44,0,1.0
2018,天津,黑龙江,91.28,0,1.0
2018,天津,北京,268.39,1,1.0
2018,天津,河北,263.64,1,1.0
2018,河北,广东,115.23,0,1.0
2018,河北,江苏,61.74,0,1.0
2018,河北,浙江,90.85,0,1.0
2018,河北,上海,63.57,0,1.0
2018,河北,山东,243.34,1,1.0
2018,河北,湖北,151.42,0,1.0
2018,河北,湖南,118.1,0,1.0
2018,河北,河南,235.99,1,1.0
2018,河北,安徽,111.72,0,1.0
2018,河北,江西,130.88,0,1.0
2018,河北,四川,92.34,0,1.0
2018,河北,重庆,78.11,0,1.0
2018,河北,陕西,93.64,0,1.0
2018,河北,云南,62.39,0,1.0
2018,河北,贵州,156.9,0,1.0
2018,河北,辽宁,218.81,1,1.0
2018,河北,吉林,64.02,0,1.0
2018,河北,黑龙江,82.56,0,1.0
2018,河北,北京,310.93,1,1.0
2018,河北,天津,341.62,1,1.0
2019,广东,江苏,67.72,0,1.0
2019,广东,浙江,118.07,0,1.0
2019,广东,上海,148.57,0,1.0
2019,广东,山东,94.83,0,1.0
2019,广东,湖北,87.73,0,1.0
2019,广东,湖南,294.04,1,1.0
2019,广东,河南,121.03,0,1.0
2019,广东,安徽,87.78,0,1.0
2019,广东,江西,271.42,1,1.0
2019,广东,四川,85.72,0,1.0
2019,广东,重庆,72.78,0,1.0
2019,广东,陕西,141.42,0,1.0
2019,广东,云南,92.07,0,1.0
2019,广东,贵州,56.34,0,1.0
2019,广东,辽宁,81.89,0,1.0
2019,广东,吉林,53.2,0,1.0
2019,广东,黑龙江,162.3,0,1.0
2019,广东,北京,161.18,0,1.0
2019,广东,天津,147.51,0,1.0
2019,广东,河北,165.01,0,1.0
2019,江苏,广东,121.6,0,1.0
2019,江苏,浙江,287.02,1,1.0
2019,江苏,上海,109.87,1,1.0
2019,江苏,山东,127.01,1,1.0
2019,江苏,湖北,70.13,0,1.0
2019,江苏,湖南,125.78,0,1.0
2019,江苏,河南,136.63,0,1.0
2019,江苏,安徽,216.03,1,1.0
2019,江苏,江西,166.67,0,1.0
2019,江苏,四川,87.13,0,1.0
2019,江苏,重庆,121.84,0,1.0
2019,江苏,陕西,102.41,0,1.0
2019,江苏,云南,126.94,0,1.0
2019,江苏,贵州,141.49,0,1.0
2019,江苏,辽宁,83.52,0,1.0
2019,江苏,吉林,58.06,0,1.0
2019,江苏,黑龙江,131.75,0,1.0
2019,江苏,北京,94.51,0,1.0
2019,江苏,天津,146.84,0,1.0
2019,江苏,河北,146.71,0,1.0
2019,浙江,广东,93.9,0,1.0
2019,浙江,江苏,197.31,1,1.0
2019,浙江,上海,202.87,1,1.0
2019,浙江,山东,155.34,0,1.0
2019,浙江,湖北,139.69,0,1.0
2019,浙江,湖南,87.24,0,1.0
2019,浙江,河南,137.88,0,1.0
2019,浙江,安徽,244.84,1,1.0
2019,浙江,江西,287.9,1,1.0
2019,浙江,四川,181.72,0,1.0
2019,浙江,重庆,141.23,0,1.0
2019,浙江,陕西,99.81,0,1.0
2019,浙江,云南,84.46,0,1.0
2019,浙江,贵州,83.51,0,1.0
2019,浙江,辽宁,96.65,0,1.0
2019,浙江,吉林,117.63,0,1.0
2019,浙江,黑龙江,67.95,0,1.0
2019,浙江,北京,149.14,0,1.0
2019,浙江,天津,101.59,0,1.0
2019,浙江,河北,83.26,0,1.0
2019,上海,广东,99.21,0,1.0
2019,上海,江苏,309.23,1,1.0
2019,上海,浙江,183.11,1,1.0
2019,上海,山东,185.32,0,1.0
2019,上海,湖北,134.08,0,1.0
2019,上海,湖南,90.68,0,1.0
2019,上海,河南,126.87,0,1.0
2019,上海,安徽,154.49,0,1.0
2019,上海,江西,127.62,0,1.0
2019,上海,四川,113.33,0,1.0
2019,上海,重庆,129.76,0,1.0
2019,上海,陕西,84.14,0,1.0
2019,上海,云南,80.03,0,1.0
2019,上海,贵州,145.43,0,1.0
2019,上海,辽宁,97.44,0,1.0
2019,上海,吉林,135.79,0,1.0
2019,上海,黑龙江,156.47,0,1.0
2019,上海,北京,77.45,0,1.0
2019,上海,天津,91.61,0,1.0
2019,上海,河北,140.61,0,1.0
2019,山东,广东,166.1,0,1.0
2019,山东,江苏,243.97,1,1.0
2019,山东,浙江,145.93,0,1.0
2019,山东,上海,62.26,0,1.0
2019,山东,湖北,155.78,0,1.0
2019,山东,湖南,86.03,0,1.0
2019,山东,河南,176.35,1,1.0
2019,山东,安徽,130.52,1,1.0
2019,山东,江西,134.57,0,1.0
2019,山东,四川,135.86,0,1.0
2019,山东,重庆,123.61,0,1.0
2019,山东,陕西,83.29,0,1.0
2019,山东,云南,80.74,0,1.0
2019,山东,贵州,52.98,0,1.0
2019,山东,辽宁,50.04,0,1.0
2019,山东,吉林,120.74,0,1.0
2019,山东,黑龙江,86.55,0,1.0
2019,山东,北京,137.62,0,1.0
2019,山东,天津,177.58,0,1.0
2019,山东,河北,171.25,1,1.0
2019,湖北,广东,84.86,0,1.0
2019,湖北,江苏,70.95,0,1.0
2019,湖北,浙江,76.38,0,1.0
2019,湖北,上海,102.64,0,1.0
2019,湖北,山东,117.42,0,1.0
2019,湖北,湖南,382.06,1,1.0
2019,湖北,河南,298.29,1,1.0
2019,湖北,安徽,203.23,1,1.0
2019,湖北,江西,272.8,1,1.0
2019,湖北,四川,143.49,0,1.0
2019,湖北,重庆,257.21,1,1.0
2019,湖北,陕西,283.02,1,1.0
2019,湖北,云南,62.32,0,1.0
2019,湖北,贵州,137.53,0,1.0
2019,湖北,辽宁,150.12,0,1.0
2019,湖北,吉林,134.8,0,1.0
2019,湖北,黑龙江,90.87,0,1.0
2019,湖北,北京,80.39,0,1.0
2019,湖北,天津,127.92,0,1.0
2019,湖北,河北,72.91,0,1.0
2019,湖南,广东,280.33,1,1.0
2019,湖南,江苏,60.99,0,1.0
2019,湖南,浙江,139.08,0,1.0
2019,湖南,上海,98.42,0,1.0
2019,湖南,山东,65.55,0,1.0
2019,湖南,湖北,336.52,1,1.0
2019,湖南,河南,82.84,0,1.0
2019,湖南,安徽,128.36,0,1.0
2019,湖南,江西,172.07,1,1.0
2019,湖南,四川,109.49,0,1.0
2019,湖南,重庆,202.86,1,1.0
2019,湖南,陕西,88.37,0,1.0
2019,湖南,云南,56.89,0,1.0
2019,湖南,贵州,206.32,1,1.0
2019,湖南,辽宁,89.9,0,1.0
2019,湖南,吉林,105.05,0,1.0
2019,湖南,黑龙江,129.15,0,1.0
2019,湖南,北京,56.68,0,1.0
2019,湖南,天津,73.52,0,1.0
2019,湖南,河北,81.27,0,1.0
2019,河南,广东,80.54,0,1.0
2019,河南,江苏,169.89,0,1.0
2019,河南,浙江,108.25,0,1.0
2019,河南,上海,110.83,0,1.0
2019,河南,山东,296.09,1,1.0
2019,河南,湖北,307.83,1,1.0
2019,河南,湖南,108.67,0,1.0
2019,河南,安徽,144.85,1,1.0
2019,河南,江西,179.98,0,1.0
2019,河南,四川,120.73,0,1.0
2019,河南,重庆,120.12,0,1.0
2019,河南,陕西,129.7,1,1.0
2019,河南,云南,64.91,0,1.0
2019,河南,贵州,149.94,0,1.0
2019,河南,辽宁,63.6,0,1.0
2019,河南,吉林,131.2,0,1.0
2019,河南,黑龙江,89.78,0,1.0
2019,河南,北京,117.19,0,1.0
2019,河南,天津,186.9,0,1.0
2019,河南,河北,226.41,1,1.0
2019,安徽,广东,115.99,0,1.0
2019,安徽,江苏,336.0,1,1.0
2019,安徽,浙江,243.29,1,1.0
2019,安徽,上海,101.49,0,1.0
2019,安徽,山东,202.58,1,1.0
2019,安徽,湖北,283.14,1,1.0
2019,安徽,湖南,86.4,0,1.0
2019,安徽,河南,176.27,1,1.0
2019,安徽,江西,243.71,1,1.0
2019,安徽,四川,187.27,0,1.0
2019,安徽,重庆,118.15,0,1.0
2019,安徽,陕西,166.41,0,1.0
2019,安徽,云南,160.4,0,1.0
2019,安徽,贵州,83.56,0,1.0
2019,安徽,辽宁,63.07,0,1.0
2019,安徽,吉林,76.81,0,1.0
2019,安徽,黑龙江,79.35,0,1.0
2019,安徽,北京,93.66,0,1.0
2019,安徽,天津,131.31,0,1.0
2019,安徽,河北,104.38,0,1.0
2019,江西,广东,190.16,1,1.0
2019,江西,江苏,120.41,0,1.0
2019,江西,浙江,126.52,1,1.0
2019,江西,上海,67.63,0,1.0
2019,江西,山东,110.8,0,1.0
2019,江西,湖北,265.61,1,1.0
2019,江西,湖南,186.97,1,1.0
2019,江西,河南,122.34,0,1.0
2019,江西,安徽,322.72,1,1.0
2019,江西,四川,181.73,0,1.0
2019,江西,重庆,78.91,0,1.0
2019,江西,陕西,165.91,0,1.0
2019,江西,云南,88.21,0,1.0
2019,江西,贵州,163.41,0,1.0
2019,江西,辽宁,160.97,0,1.0
2019,江西,吉林,92.02,0,1.0
2019,江西,黑龙江,165.2,0,1.0
2019,江西,北京,151.3,0,1.0
2019,江西,天津,79.4,0,1.0
2019,江西,河北,126.34,0,1.0
2019,四川,广东,56.59,0,1.0
2019,四川,江苏,125.32,0,1.0
2019,四川,浙江,116.74,0,1.0
2019,四川,上海,73.99,0,1.0
2019,四川,山东,77.5,0,1.0
2019,四川,湖北,184.78,0,1.0
2019,四川,湖南,144.9,0,1.0
2019,四川,河南,92.61,0,1.0
2019,四川,安徽,116.43,0,1.0
2019,四川,江西,99.87,0,1.0
2019,四川,重庆,126.23,1,1.0
2019,四川,陕西,135.58,1,1.0
2019,四川,云南,143.05,1,1.0
2019,四川,贵州,242.25,1,1.0
2019,四川,辽宁,117.13,0,1.0
2019,四川,吉林,157.31,0,1.0
2019,四川,黑龙江,116.32,0,1.0
2019,四川,北京,90.87,0,1.0
2019,四川,天津,71.12,0,1.0
2019,四川,河北,126.08,0,1.0
2019,重庆,广东,132.53,0,1.0
2019,重庆,江苏,99.17,0,1.0
2019,重庆,浙江,156.83,0,1.0
2019,重庆,上海,83.62,0,1.0
2019,重庆,山东,77.16,0,1.0
2019,重庆,湖北,220.43,1,1.0
2019,重庆,湖南,227.87,1,1.0
2019,重庆,河南,74.99,0,1.0
2019,重庆,安徽,67.92,0,1.0
2019,重庆,江西,137.65,0,1.0
2019,重庆,四川,193.12,1,1.0
2019,重庆,陕西,175.55,1,1.0
2019,重庆,云南,130.31,0,1.0
2019,重庆,贵州,255.4,1,1.0
2019,重庆,辽宁,135.62,0,1.0
2019,重庆,吉林,92.74,0,1.0
2019,重庆,黑龙江,66.96,0,1.0
2019,重庆,北京,71.79,0,1.0
2019,重庆,天津,167.07,0,1.0
2019,重庆,河北,58.38,0,1.0
2019,陕西,广东,104.09,0,1.0
2019,陕西,江苏,81.8,0,1.0
2019,陕西,浙江,100.49,0,1.0
2019,陕西,上海,85.65,0,1.0
2019,陕西,山东,126.38,0,1.0
2019,陕西,湖北,195.32,1,1.0
2019,陕西,湖南,100.2,0,1.0
2019,陕西,河南,314.64,1,1.0
2019,陕西,安徽,81.73,0,1.0
2019,陕西,江西,143.2,0,1.0
2019,陕西,四川,246.5,1,1.0
2019,陕西,重庆,115.45,1,1.0
2019,陕西,云南,87.93,0,1.0
2019,陕西,贵州,136.99,0,1.0
2019,陕西,辽宁,98.64,0,1.0
2019,陕西,吉林,94.48,0,1.0
2019,陕西,黑龙江,162.0,0,1.0
2019,陕西,北京,97.28,0,1.0
2019,陕西,天津,186.0,0,1.0
2019,陕西,河北,158.64,0,1.0
2019,云南,广东,68.09,0,1.0
2019,云南,江苏,63.26,0,1.0
2019,云南,浙江,145.3,0,1.0
2019,云南,上海,130.67,0,1.0
2019,云南,山东,52.7,0,1.0
2019,云南,湖北,123.42,0,1.0
2019,云南,湖南,87.59,0,1.0
2019,云南,河南,127.35,0,1.0
2019,云南,安徽,132.68,0,1.0
2019,云南,江西,127.66,0,1.0
2019,云南,四川,194.1,1,1.0
2019,云南,重庆,62.3,0,1.0
2019,云南,陕西,71.02,0,1.0
2019,云南,贵州,344.09,1,1.0
2019,云南,辽宁,83.9,0,1.0
2019,云南,吉林,125.5,0,1.0
2019,云南,黑龙江,144.45,0,1.0
2019,云南,北京,62.4,0,1.0
2019,云南,天津,62.41,0,1.0
2019,云南,河北,67.1,0,1.0
2019,贵州,广东,54.43,0,1.0
2019,贵州,江苏,181.61,0,1.0
2019,贵州,浙江,92.32,0,1.0
2019,贵州,上海,138.12,0,1.0
2019,贵州,山东,61.8,0,1.0
2019,贵州,湖北,51.17,0,1.0
2019,贵州,湖南,218.09,1,1.0
2019,贵州,河南,53.62,0,1.0
2019,贵州,安徽,128.02,0,1.0
2019,贵州,江西,71.41,0,1.0
2019,贵州,四川,271.25,1,1.0
2019,贵州,重庆,176.22,1,1.0
2019,贵州,陕西,70.76,0,1.0
2019,贵州,云南,172.4,1,1.0
2019,贵州,辽宁,56.11,0,1.0
2019,贵州,吉林,121.62,0,1.0
2019,贵州,黑龙江,125.46,0,1.0
2019,贵州,北京,92.91,0,1.0
2019,贵州,天津,57.42,0,1.0
2019,贵州,河北,175.69,0,1.0
2019,辽宁,广东,70.64,0,1.0
2019,辽宁,江苏,140.13,0,1.0
2019,辽宁,浙江,145.06,0,1.0
2019,辽宁,上海,129.28,0,1.0
2019,辽宁,山东,138.32,0,1.0
2019,辽宁,湖北,81.13,0,1.0
2019,辽宁,湖南,111.28,0,1.0
2019,辽宁,河南,164.94,0,1.0
2019,辽宁,安徽,89.5,0,1.0
2019,辽宁,江西,176.28,0,1.0
2019,辽宁,四川,72.17,0,1.0
2019,辽宁,重庆,99.03,0,1.0
2019,辽宁,陕西,74.47,0,1.0
2019,辽宁,云南,104.88,0,1.0
2019,辽宁,贵州,123.18,0,1.0
2019,辽宁,吉林,210.8,1,1.0
2019,辽宁,黑龙江,186.09,0,1.0
2019,辽宁,北京,69.23,0,1.0
2019,辽宁,天津,100.94,0,1.0
2019,辽宁,河北,103.7,1,1.0
2019,吉林,广东,105.89,0,1.0
2019,吉林,江苏,127.97,0,1.0
2019,吉林,浙江,59.49,0,1.0
2019,吉林,上海,73.63,0,1.0
2019,吉林,山东,126.12,0,1.0
2019,吉林,湖北,176.75,0,1.0
2019,吉林,湖南,82.3,0,1.0
2019,吉林,河南,162.51,0,1.0
2019,吉林,安徽,58.82,0,1.0
2019,吉林,江西,108.13,0,1.0
2019,吉林,四川,102.72,0,1.0
2019,吉林,重庆,93.06,0,1.0
2019,吉林,陕西,62.23,0,1.0
2019,吉林,云南,95.09,0,1.0
2019,吉林,贵州,84.81,0,1.0
2019,吉林,辽宁,94.01,1,1.0
2019,吉林,黑龙江,120.39,1,1.0
2019,吉林,北京,101.77,0,1.0
2019,吉林,天津,79.7,0,1.0
2019,吉林,河北,143.49,0,1.0
2019,黑龙江,广东,67.59,0,1.0
2019,黑龙江,江苏,58.7,0,1.0
2019,黑龙江,浙江,101.73,0,1.0
2019,黑龙江,上海,81.9,0,1.0
2019,黑龙江,山东,159.12,0,1.0
2019,黑龙江,湖北,87.61,0,1.0
2019,黑龙江,湖南,137.99,0,1.0
2019,黑龙江,河南,103.37,0,1.0
2019,黑龙江,安徽,97.39,0,1.0
2019,黑龙江,江西,78.16,0,1.0
2019,黑龙江,四川,141.19,0,1.0
2019,黑龙江,重庆,123.6,0,1.0
2019,黑龙江,陕西,109.6,0,1.0
2019,黑龙江,云南,70.57,0,1.0
2019,黑龙江,贵州,148.0,0,1.0
2019,黑龙江,辽宁,122.13,0,1.0
2019,黑龙江,吉林,224.84,1,1.0
2019,黑龙江,北京,67.14,0,1.0
2019,黑龙江,天津,59.32,0,1.0
2019,黑龙江,河北,108.7,0,1.0
2019,北京,广东,111.42,0,1.0
2019,北京,江苏,73.44,0,1.0
2019,北京,浙江,56.94,0,1.0
2019,北京,上海,125.58,0,1.0
2019,北京,山东,63.58,0,1.0
2019,北京,湖北,155.9,0,1.0
2019,北京,湖南,57.22,0,1.0
2019,北京,河南,104.25,0,1.0
2019,北京,安徽,146.55,0,1.0
2019,北京,江西,64.83,0,1.0
2019,北京,四川,82.41,0,1.0
2019,北京,重庆,152.88,0,1.0
2019,北京,陕西,150.78,0,1.0
2019,北京,云南,129.93,0,1.0
2019,北京,贵州,145.47,0,1.0
2019,北京,辽宁,182.63,0,1.0
2019,北京,吉林,123.18,0,1.0
2019,北京,黑龙江,61.53,0,1.0
2019,北京,天津,169.17,1,1.0
2019,北京,河北,154.61,1,1.0
2019,天津,广东,51.25,0,1.0
2019,天津,江苏,145.62,0,1.0
2019,天津,浙江,102.79,0,1.0
2019,天津,上海,146.68,0,1.0
2019,天津,山东,131.63,0,1.0
2019,天津,湖北,73.93,0,1.0
2019,天津,湖南,66.82,0,1.0
2019,天津,河南,64.38,0,1.0
2019,天津,安徽,132.19,0,1.0
2019,天津,江西,124.77,0,1.0
2019,天津,四川,67.13,0,1.0
2019,天津,重庆,46.48,0,1.0
2019,天津,陕西,186.31,0,1.0
2019,天津,云南,133.25,0,1.0
2019,天津,贵州,102.1,0,1.0
2019,天津,辽宁,60.89,0,1.0
2019,天津,吉林,80.11,0,1.0
2019,天津,黑龙江,78.48,0,1.0
2019,天津,北京,272.23,1,1.0
2019,天津,河北,151.55,1,1.0
2019,河北,广东,133.75,0,1.0
2019,河北,江苏,169.31,0,1.0
2019,河北,浙江,149.48,0,1.0
2019,河北,上海,153.83,0,1.0
2019,河北,山东,228.3,1,1.0
2019,河北,湖北,81.0,0,1.0
2019,河北,湖南,77.25,0,1.0
2019,河北,河南,127.4,1,1.0
2019,河北,安徽,92.33,0,1.0
2019,河北,江西,90.56,0,1.0
2019,河北,四川,116.22,0,1.0
2019,河北,重庆,124.3,0,1.0
2019,河北,陕西,130.14,0,1.0
2019,河北,云南,135.46,0,1.0
2019,河北,贵州,69.31,0,1.0
2019,河北,辽宁,132.45,1,1.0
2019,河北,吉林,127.86,0,1.0
2019,河北,黑龙江,95.52,0,1.0
2019,河北,北京,283.17,1,1.0
2019,河北,天津,252.51,1,1.0
2020,广东,江苏,71.43,0,1.0
2020,广东,浙江,123.12,0,1.0
2020,广东,上海,68.48,0,1.0
2020,广东,山东,54.55,0,1.0
2020,广东,湖北,134.94,0,1.0
2020,广东,湖南,203.51,1,1.0
2020,广东,河南,106.52,0,1.0
2020,广东,安徽,182.91,0,1.0
2020,广东,江西,190.06,1,1.0
2020,广东,四川,133.18,0,1.0
2020,广东,重庆,90.73,0,1.0
2020,广东,陕西,54.78,0,1.0
2020,广东,云南,121.35,0,1.0
2020,广东,贵州,134.77,0,1.0
2020,广东,辽宁,58.1,0,1.0
2020,广东,吉林,100.31,0,1.0
2020,广东,黑龙江,116.71,0,1.0
2020,广东,北京,63.44,0,1.0
2020,广东,天津,63.75,0,1.0
2020,广东,河北,91.3,0,1.0
2020,江苏,广东,98.78,0,1.0
2020,江苏,浙江,300.37,1,1.0
2020,江苏,上海,170.32,1,1.0
2020,江苏,山东,116.21,1,1.0
2020,江苏,湖北,78.32,0,1.0
2020,江苏,湖南,123.56,0,1.0
2020,江苏,河南,100.3,0,1.0
2020,江苏,安徽,176.79,1,1.0
2020,江苏,江西,84.8,0,1.0
2020,江苏,四川,171.0,0,1.0
2020,江苏,重庆,66.69,0,1.0
2020,江苏,陕西,71.66,0,1.0
2020,江苏,云南,136.8,0,1.0
2020,江苏,贵州,78.48,0,1.0
2020,江苏,辽宁,62.21,0,1.0
2020,江苏,吉林,124.69,0,1.0
2020,江苏,黑龙江,99.51,0,1.0
2020,江苏,北京,155.09,0,1.0
2020,江苏,天津,52.48,0,1.0
2020,江苏,河北,138.95,0,1.0
2020,浙江,广东,74.47,0,1.0
2020,浙江,江苏,264.74,1,1.0
2020,浙江,上海,188.43,1,1.0
2020,浙江,山东,141.8,0,1.0
2020,浙江,湖北,61.0,0,1.0
2020,浙江,湖南,68.86,0,1.0
2020,浙江,河南,50.95,0,1.0
2020,浙江,安徽,253.3,1,1.0
2020,浙江,江西,248.0,1,1.0
2020,浙江,四川,94.66,0,1.0
2020,浙江,重庆,68.6,0,1.0
2020,浙江,陕西,94.19,0,1.0
2020,浙江,云南,107.42,0,1.0
2020,浙江,贵州,106.65,0,1.0
2020,浙江,辽宁,80.58,0,1.0
2020,浙江,吉林,47.21,0,1.0
2020,浙江,黑龙江,132.41,0,1.0
2020,浙江,北京,70.0,0,1.0
2020,浙江,天津,79.76,0,1.0
2020,浙江,河北,168.71,0,1.0
2020,上海,广东,89.58,0,1.0
2020,上海,江苏,249.68,1,1.0
2020,上海,浙江,263.9,1,1.0
2020,上海,山东,78.95,0,1.0
2020,上海,湖北,68.84,0,1.0
2020,上海,湖南,157.34,0,1.0
2020,上海,河南,137.9,0,1.0
2020,上海,安徽,104.0,0,1.0
2020,上海,江西,104.22,0,1.0
2020,上海,四川,132.95,0,1.0
2020,上海,重庆,114.55,0,1.0
2020,上海,陕西,105.72,0,1.0
2020,上海,云南,103.94,0,1.0
2020,上海,贵州,173.06,0,1.0
2020,上海,辽宁,141.65,0,1.0
2020,上海,吉林,137.66,0,1.0
2020,上海,黑龙江,72.63,0,1.0
2020,上海,北京,110.01,0,1.0
2020,上海,天津,112.95,0,1.0
2020,上海,河北,166.58,0,1.0
2020,山东,广东,150.41,0,1.0
2020,山东,江苏,337.68,1,1.0
2020,山东,浙江,79.43,0,1.0
2020,山东,上海,91.69,0,1.0
2020,山东,湖北,136.87,0,1.0
2020,山东,湖南,198.07,0,1.0
2020,山东,河南,166.8,1,1.0
2020,山东,安徽,298.5,1,1.0
2020,山东,江西,125.88,0,1.0
2020,山东,四川,80.93,0,1.0
2020,山东,重庆,172.26,0,1.0
2020,山东,陕西,59.53,0,1.0
2020,山东,云南,60.72,0,1.0
2020,山东,贵州,85.62,0,1.0
2020,山东,辽宁,93.89,0,1.0
2020,山东,吉林,98.45,0,1.0
2020,山东,黑龙江,66.35,0,1.0
2020,山东,北京,157.85,0,1.0
2020,山东,天津,108.55,0,1.0
2020,山东,河北,284.49,1,1.0
2020,湖北,广东,172.04,0,1.0
2020,湖北,江苏,68.27,0,1.0
2020,湖北,浙江,75.44,0,1.0
2020,湖北,上海,82.36,0,1.0
2020,湖北,山东,59.65,0,1.0
2020,湖北,湖南,184.19,1,1.0
2020,湖北,河南,295.72,1,1.0
2020,湖北,安徽,115.73,1,1.0
2020,湖北,江西,195.71,1,1.0
2020,湖北,四川,106.11,0,1.0
2020,湖北,重庆,181.98,1,1.0
2020,湖北,陕西,151.39,1,1.0
2020,湖北,云南,146.51,0,1.0
2020,湖北,贵州,107.93,0,1.0
2020,湖北,辽宁,91.67,0,1.0
2020,湖北,吉林,164.64,0,1.0
2020,湖北,黑龙江,140.83,0,1.0
2020,湖北,北京,129.15,0,1.0
2020,湖北,天津,119.12,0,1.0
2020,湖北,河北,186.89,0,1.0
2020,湖南,广东,175.46,1,1.0
2020,湖南,江苏,128.92,0,1.0
2020,湖南,浙江,137.42,0,1.0
2020,湖南,上海,126.19,0,1.0
2020,湖南,山东,135.42,0,1.0
2020,湖南,湖北,119.23,1,1.0
2020,湖南,河南,80.13,0,1.0
2020,湖南,安徽,96.99,0,1.0
2020,湖南,江西,319.44,1,1.0
2020,湖南,四川,79.75,0,1.0
2020,湖南,重庆,279.87,1,1.0
2020,湖南,陕西,150.94,0,1.0
2020,湖南,云南,108.06,0,1.0
2020,湖南,贵州,161.81,1,1.0
2020,湖南,辽宁,80.95,0,1.0
2020,湖南,吉林,108.58,0,1.0
2020,湖南,黑龙江,114.22,0,1.0
2020,湖南,北京,141.46,0,1.0
2020,湖南,天津,117.37,0,1.0
2020,湖南,河北,160.66,0,1.0
2020,河南,广东,92.05,0,1.0
2020,河南,江苏,106.64,0,1.0
2020,河南,浙江,89.38,0,1.0
2020,河南,上海,93.63,0,1.0
2020,河南,山东,170.57,1,1.0
2020,河南,湖北,109.38,1,1.0
2020,河南,湖南,112.05,0,1.0
2020,河南,安徽,106.2,1,1.0
2020,河南,江西,56.45,0,1.0
2020,河南,四川,91.12,0,1.0
2020,河南,重庆,156.7,0,1.0
2020,河南,陕西,247.29,1,1.0
2020,河南,云南,54.49,0,1.0
2020,河南,贵州,101.96,0,1.0
2020,河南,辽宁,105.73,0,1.0
2020,河南,吉林,136.92,0,1.0
2020,河南,黑龙江,143.82,0,1.0
2020,河南,北京,111.44,0,1.0
2020,河南,天津,75.86,0,1.0
2020,河南,河北,176.36,1,1.0
2020,安徽,广东,156.94,0,1.0
2020,安徽,江苏,178.43,1,1.0
2020,安徽,浙江,254.25,1,1.0
2020,安徽,上海,165.64,0,1.0
2020,安徽,山东,334.5,1,1.0
2020,安徽,湖北,298.91,1,1.0
2020,安徽,湖南,113.95,0,1.0
2020,安徽,河南,291.78,1,1.0
2020,安徽,江西,249.16,1,1.0
2020,安徽,四川,176.22,0,1.0
2020,安徽,重庆,103.75,0,1.0
2020,安徽,陕西,105.13,0,1.0
2020,安徽,云南,141.68,0,1.0
2020,安徽,贵州,111.69,0,1.0
2020,安徽,辽宁,106.76,0,1.0
2020,安徽,吉林,119.11,0,1.0
2020,安徽,黑龙江,68.46,0,1.0
2020,安徽,北京,141.47,0,1.0
2020,安徽,天津,79.64,0,1.0
2020,安徽,河北,126.13,0,1.0
2020,江西,广东,278.98,1,1.0
2020,江西,江苏,118.96,0,1.0
2020,江西,浙江,200.38,1,1.0
2020,江西,上海,171.19,0,1.0
2020,江西,山东,119.01,0,1.0
2020,江西,湖北,148.76,1,1.0
2020,江西,湖南,161.5,1,1.0
2020,江西,河南,139.2,0,1.0
2020,江西,安徽,322.05,1,1.0
2020,江西,四川,96.82,0,1.0
2020,江西,重庆,162.69,0,1.0
2020,江西,陕西,115.7,0,1.0
2020,江西,云南,131.49,0,1.0
2020,江西,贵州,166.89,0,1.0
2020,江西,辽宁,164.42,0,1.0
2020,江西,吉林,81.84,0,1.0
2020,江西,黑龙江,157.45,0,1.0
2020,江西,北京,48.61,0,1.0
2020,江西,天津,59.55,0,1.0
2020,江西,河北,165.16,0,1.0
2020,四川,广东,137.5,0,1.0
2020,四川,江苏,78.88,0,1.0
2020,四川,浙江,85.78,0,1.0
2020,四川,上海,115.92,0,1.0
2020,四川,山东,149.4,0,1.0
2020,四川,湖北,115.22,0,1.0
2020,四川,湖南,190.48,0,1.0
2020,四川,河南,92.99,0,1.0
2020,四川,安徽,177.86,0,1.0
2020,四川,江西,134.8,0,1.0
2020,四川,重庆,155.32,1,1.0
2020,四川,陕西,242.05,1,1.0
2020,四川,云南,172.95,1,1.0
2020,四川,贵州,212.71,1,1.0
2020,四川,辽宁,103.02,0,1.0
2020,四川,吉林,101.07,0,1.0
2020,四川,黑龙江,142.91,0,1.0
2020,四川,北京,133.09,0,1.0
2020,四川,天津,110.38,0,1.0
2020,四川,河北,136.75,0,1.0
2020,重庆,广东,183.14,0,1.0
2020,重庆,江苏,197.48,0,1.0
2020,重庆,浙江,66.02,0,1.0
2020,重庆,上海,71.41,0,1.0
2020,重庆,山东,143.47,0,1.0
2020,重庆,湖北,234.69,1,1.0
2020,重庆,湖南,207.0,1,1.0
2020,重庆,河南,178.27,0,1.0
2020,重庆,安徽,58.6,0,1.0
2020,重庆,江西,81.34,0,1.0
2020,重庆,四川,305.63,1,1.0
2020,重庆,陕西,143.66,1,1.0
2020,重庆,云南,51.56,0,1.0
2020,重庆,贵州,297.55,1,1.0
2020,重庆,辽宁,132.39,0,1.0
2020,重庆,吉林,97.88,0,1.0
2020,重庆,黑龙江,168.31,0,1.0
2020,重庆,北京,84.14,0,1.0
2020,重庆,天津,113.62,0,1.0
2020,重庆,河北,116.63,0,1.0
2020,陕西,广东,104.96,0,1.0
2020,陕西,江苏,78.09,0,1.0
2020,陕西,浙江,162.26,0,1.0
2020,陕西,上海,87.22,0,1.0
2020,陕西,山东,115.87,0,1.0
2020,陕西,湖北,208.71,1,1.0
2020,陕西,湖南,102.14,0,1.0
2020,陕西,河南,122.94,1,1.0
2020,陕西,安徽,138.17,0,1.0
2020,陕西,江西,168.6,0,1.0
2020,陕西,四川,270.12,1,1.0
2020,陕西,重庆,279.83,1,1.0
2020,陕西,云南,110.44,0,1.0
2020,陕西,贵州,123.04,0,1.0
2020,陕西,辽宁,68.07,0,1.0
2020,陕西,吉林,99.31,0,1.0
2020,陕西,黑龙江,78.99,0,1.0
2020,陕西,北京,117.4,0,1.0
2020,陕西,天津,82.69,0,1.0
2020,陕西,河北,87.27,0,1.0
2020,云南,广东,150.73,0,1.0
2020,云南,江苏,67.78,0,1.0
2020,云南,浙江,104.32,0,1.0
2020,云南,上海,157.69,0,1.0
2020,云南,山东,87.28,0,1.0
2020,云南,湖北,88.83,0,1.0
2020,云南,湖南,106.02,0,1.0
2020,云南,河南,183.77,0,1.0
2020,云南,安徽,97.08,0,1.0
2020,云南,江西,74.4,0,1.0
2020,云南,四川,143.31,1,1.0
2020,云南,重庆,88.34,0,1.0
2020,云南,陕西,126.06,0,1.0
2020,云南,贵州,201.04,1,1.0
2020,云南,辽宁,125.1,0,1.0
2020,云南,吉林,104.97,0,1.0
2020,云南,黑龙江,149.44,0,1.0
2020,云南,北京,123.3,0,1.0
2020,云南,天津,168.23,0,1.0
2020,云南,河北,148.1,0,1.0
2020,贵州,广东,137.8,0,1.0
2020,贵州,江苏,145.21,0,1.0
2020,贵州,浙江,96.02,0,1.0
2020,贵州,上海,128.5,0,1.0
2020,贵州,山东,117.24,0,1.0
2020,贵州,湖北,74.72,0,1.0
2020,贵州,湖南,323.54,1,1.0
2020,贵州,河南,148.26,0,1.0
2020,贵州,安徽,54.45,0,1.0
2020,贵州,江西,80.69,0,1.0
2020,贵州,四川,250.13,1,1.0
2020,贵州,重庆,218.51,1,1.0
2020,贵州,陕西,131.44,0,1.0
2020,贵州,云南,267.71,1,1.0
2020,贵州,辽宁,146.64,0,1.0
2020,贵州,吉林,87.87,0,1.0
2020,贵州,黑龙江,83.63,0,1.0
2020,贵州,北京,139.64,0,1.0
2020,贵州,天津,100.79,0,1.0
2020,贵州,河北,131.85,0,1.0
2020,辽宁,广东,125.9,0,1.0
2020,辽宁,江苏,110.72,0,1.0
2020,辽宁,浙江,95.48,0,1.0
2020,辽宁,上海,64.9,0,1.0
2020,辽宁,山东,134.07,0,1.0
2020,辽宁,湖北,77.35,0,1.0
2020,辽宁,湖南,94.31,0,1.0
2020,辽宁,河南,58.96,0,1.0
2020,辽宁,安徽,93.38,0,1.0
2020,辽宁,江西,97.55,0,1.0
2020,辽宁,四川,105.29,0,1.0
2020,辽宁,重庆,138.96,0,1.0
2020,辽宁,陕西,145.43,0,1.0
2020,辽宁,云南,109.57,0,1.0
2020,辽宁,贵州,80.83,0,1.0
2020,辽宁,吉林,161.05,1,1.0
2020,辽宁,黑龙江,158.45,0,1.0
2020,辽宁,北京,56.75,0,1.0
2020,辽宁,天津,107.84,0,1.0
2020,辽宁,河北,206.31,1,1.0
2020,吉林,广东,67.1,0,1.0
2020,吉林,江苏,49.4,0,1.0
2020,吉林,浙江,149.48,0,1.0
2020,吉林,上海,116.81,0,1.0
2020,吉林,山东,62.17,0,1.0
2020,吉林,湖北,171.64,0,1.0
2020,吉林,湖南,115.73,0,1.0
2020,吉林,河南,134.35,0,1.0
2020,吉林,安徽,137.77,0,1.0
2020,吉林,江西,150.1,0,1.0
2020,吉林,四川,76.27,0,1.0
2020,吉林,重庆,115.2,0,1.0
2020,吉林,陕西,71.11,0,1.0
2020,吉林,云南,167.8,0,1.0
2020,吉林,贵州,67.14,0,1.0
2020,吉林,辽宁,222.78,1,1.0
2020,吉林,黑龙江,321.89,1,1.0
2020,吉林,北京,65.67,0,1.0
2020,吉林,天津,181.84,0,1.0
2020,吉林,河北,200.14,0,1.0
2020,黑龙江,广东,50.84,0,1.0
2020,黑龙江,江苏,80.35,0,1.0
2020,黑龙江,浙江,111.51,0,1.0
2020,黑龙江,上海,86.15,0,1.0
2020,黑龙江,山东,152.56,0,1.0
2020,黑龙江,湖北,54.21,0,1.0
2020,黑龙江,湖南,78.27,0,1.0
2020,黑龙江,河南,163.37,0,1.0
2020,黑龙江,安徽,88.7,0,1.0
2020,黑龙江,江西,173.71,0,1.0
2020,黑龙江,四川,156.29,0,1.0
2020,黑龙江,重庆,120.11,0,1.0
2020,黑龙江,陕西,192.29,0,1.0
2020,黑龙江,云南,82.31,0,1.0
2020,黑龙江,贵州,182.48,0,1.0
2020,黑龙江,辽宁,92.98,0,1.0
2020,黑龙江,吉林,160.24,1,1.0
2020,黑龙江,北京,154.13,0,1.0
2020,黑龙江,天津,56.42,0,1.0
2020,黑龙江,河北,89.61,0,1.0
2020,北京,广东,100.62,0,1.0
2020,北京,江苏,134.8,0,1.0
2020,北京,浙江,84.29,0,1.0
2020,北京,上海,63.83,0,1.0
2020,北京,山东,89.53,0,1.0
2020,北京,湖北,122.64,0,1.0
2020,北京,湖南,79.08,0,1.0
2020,北京,河南,110.44,0,1.0
2020,北京,安徽,149.95,0,1.0
2020,北京,江西,87.36,0,1.0
2020,北京,四川,195.17,0,1.0
2020,北京,重庆,169.54,0,1.0
2020,北京,陕西,137.75,0,1.0
2020,北京,云南,114.3,0,1.0
2020,北京,贵州,76.24,0,1.0
2020,北京,辽宁,92.64,0,1.0
2020,北京,吉林,124.78,0,1.0
2020,北京,黑龙江,82.16,0,1.0
2020,北京,天津,130.7,1,1.0
2020,北京,河北,198.21,1,1.0
2020,天津,广东,168.16,0,1.0
2020,天津,江苏,85.55,0,1.0
2020,天津,浙江,129.07,0,1.0
2020,天津,上海,168.17,0,1.0
2020,天津,山东,110.92,0,1.0
2020,天津,湖北,137.79,0,1.0
2020,天津,湖南,193.2,0,1.0
2020,天津,河南,112.64,0,1.0
2020,天津,安徽,139.84,0,1.0
2020,天津,江西,121.14,0,1.0
2020,天津,四川,162.29,0,1.0
2020,天津,重庆,154.17,0,1.0
2020,天津,陕西,62.86,0,1.0
2020,天津,云南,135.6,0,1.0
2020,天津,贵州,138.34,0,1.0
2020,天津,辽宁,134.41,0,1.0
2020,天津,吉林,165.3,0,1.0
2020,天津,黑龙江,142.27,0,1.0
2020,天津,北京,197.68,1,1.0
2020,天津,河北,216.4,1,1.0
2020,河北,广东,101.51,0,1.0
2020,河北,江苏,96.06,0,1.0
2020,河北,浙江,108.74,0,1.0
2020,河北,上海,90.99,0,1.0
2020,河北,山东,204.32,1,1.0
2020,河北,湖北,118.81,0,1.0
2020,河北,湖南,110.66,0,1.0
2020,河北,河南,300.45,1,1.0
2020,河北,安徽,179.53,0,1.0
2020,河北,江西,90.54,0,1.0
2020,河北,四川,163.64,0,1.0
2020,河北,重庆,159.95,0,1.0
2020,河北,陕西,103.52,0,1.0
2020,河北,云南,111.27,0,1.0
2020,河北,贵州,98.87,0,1.0
2020,河北,辽宁,211.65,1,1.0
2020,河北,吉林,133.09,0,1.0
2020,河北,黑龙江,188.97,0,1.0
2020,河北,北京,128.6,1,1.0
2020,河北,天津,348.34,1,1.0
2021,广东,江苏,115.77,0,1.0
2021,广东,浙江,107.86,0,1.0
2021,广东,上海,118.77,0,1.0
2021,广东,山东,176.64,0,1.0
2021,广东,湖北,134.38,0,1.0
2021,广东,湖南,196.55,1,1.0
2021,广东,河南,166.97,0,1.0
2021,广东,安徽,86.26,0,1.0
2021,广东,江西,266.98,1,1.0
2021,广东,四川,136.75,0,1.0
2021,广东,重庆,127.11,0,1.0
2021,广东,陕西,137.48,0,1.0
2021,广东,云南,92.69,0,1.0
2021,广东,贵州,134.59,0,1.0
2021,广东,辽宁,185.42,0,1.0
2021,广东,吉林,112.53,0,1.0
2021,广东,黑龙江,125.73,0,1.0
2021,广东,北京,72.62,0,1.0
2021,广东,天津,57.6,0,1.0
2021,广东,河北,111.42,0,1.0
2021,江苏,广东,158.34,0,1.0
2021,江苏,浙江,317.07,1,1.0
2021,江苏,上海,212.64,1,1.0
2021,江苏,山东,202.27,1,1.0
2021,江苏,湖北,186.23,0,1.0
2021,江苏,湖南,97.67,0,1.0
2021,江苏,河南,88.25,0,1.0
2021,江苏,安徽,361.56,1,1.0
2021,江苏,江西,105.7,0,1.0
2021,江苏,四川,105.44,0,1.0
2021,江苏,重庆,106.15,0,1.0
2021,江苏,陕西,125.29,0,1.0
2021,江苏,云南,92.11,0,1.0
2021,江苏,贵州,115.32,0,1.0
2021,江苏,辽宁,108.46,0,1.0
2021,江苏,吉林,76.13,0,1.0
2021,江苏,黑龙江,121.19,0,1.0
2021,江苏,北京,129.96,0,1.0
2021,江苏,天津,180.3,0,1.0
2021,江苏,河北,114.2,0,1.0
2021,浙江,广东,152.75,0,1.0
2021,浙江,江苏,267.35,1,1.0
2021,浙江,上海,329.41,1,1.0
2021,浙江,山东,119.72,0,1.0
2021,浙江,湖北,191.51,0,1.0
2021,浙江,湖南,98.84,0,1.0
2021,浙江,河南,105.85,0,1.0
2021,浙江,安徽,217.03,1,1.0
2021,浙江,江西,174.14,1,1.0
2021,浙江,四川,79.92,0,1.0
2021,浙江,重庆,87.66,0,1.0
2021,浙江,陕西,131.68,0,1.0
2021,浙江,云南,102.69,0,1.0
2021,浙江,贵州,73.14,0,1.0
2021,浙江,辽宁,137.77,0,1.0
2021,浙江,吉林,122.75,0,1.0
2021,浙江,黑龙江,178.01,0,1.0
2021,浙江,北京,142.87,0,1.0
2021,浙江,天津,117.97,0,1.0
2021,浙江,河北,150.04,0,1.0
2021,上海,广东,74.34,0,1.0
2021,上海,江苏,128.1,1,1.0
2021,上海,浙江,245.33,1,1.0
2021,上海,山东,68.08,0,1.0
2021,上海,湖北,93.51,0,1.0
2021,上海,湖南,131.99,0,1.0
2021,上海,河南,56.17,0,1.0
2021,上海,安徽,127.31,0,1.0
2021,上海,江西,117.94,0,1.0
2021,上海,四川,109.69,0,1.0
2021,上海,重庆,164.46,0,1.0
2021,上海,陕西,158.18,0,1.0
2021,上海,云南,98.73,0,1.0
2021,上海,贵州,120.04,0,1.0
2021,上海,辽宁,161.39,0,1.0
2021,上海,吉林,115.61,0,1.0
2021,上海,黑龙江,121.59,0,1.0
2021,上海,北京,143.97,0,1.0
2021,上海,天津,133.76,0,1.0
2021,上海,河北,68.21,0,1.0
2021,山东,广东,96.06,0,1.0
2021,山东,江苏,273.31,1,1.0
2021,山东,浙江,113.06,0,1.0
2021,山东,上海,117.66,0,1.0
2021,山东,湖北,97.51,0,1.0
2021,山东,湖南,114.19,0,1.0
2021,山东,河南,200.58,1,1.0
2021,山东,安徽,256.75,1,1.0
2021,山东,江西,99.11,0,1.0
2021,山东,四川,159.01,0,1.0
2021,山东,重庆,99.53,0,1.0
2021,山东,陕西,83.87,0,1.0
2021,山东,云南,89.44,0,1.0
2021,山东,贵州,158.38,0,1.0
2021,山东,辽宁,135.86,0,1.0
2021,山东,吉林,135.39,0,1.0
2021,山东,黑龙江,102.57,0,1.0
2021,山东,北京,108.8,0,1.0
2021,山东,天津,121.32,0,1.0
2021,山东,河北,148.0,1,1.0
2021,湖北,广东,65.9,0,1.0
2021,湖北,江苏,167.57,0,1.0
2021,湖北,浙江,83.93,0,1.0
2021,湖北,上海,117.95,0,1.0
2021,湖北,山东,126.7,0,1.0
2021,湖北,湖南,244.64,1,1.0
2021,湖北,河南,147.84,1,1.0
2021,湖北,安徽,131.86,1,1.0
2021,湖北,江西,328.19,1,1.0
2021,湖北,四川,102.2,0,1.0
2021,湖北,重庆,271.29,1,1.0
2021,湖北,陕西,283.79,1,1.0
2021,湖北,云南,66.66,0,1.0
2021,湖北,贵州,108.81,0,1.0
2021,湖北,辽宁,106.84,0,1.0
2021,湖北,吉林,148.82,0,1.0
2021,湖北,黑龙江,183.51,0,1.0
2021,湖北,北京,159.88,0,1.0
2021,湖北,天津,130.93,0,1.0
2021,湖北,河北,158.0,0,1.0
2021,湖南,广东,179.83,1,1.0
2021,湖南,江苏,80.58,0,1.0
2021,湖南,浙江,66.43,0,1.0
2021,湖南,上海,116.26,0,1.0
2021,湖南,山东,145.25,0,1.0
2021,湖南,湖北,292.05,1,1.0
2021,湖南,河南,110.64,0,1.0
2021,湖南,安徽,58.38,0,1.0
2021,湖南,江西,309.88,1,1.0
2021,湖南,四川,99.09,0,1.0
2021,湖南,重庆,225.33,1,1.0
2021,湖南,陕西,93.41,0,1.0
2021,湖南,云南,70.65,0,1.0
2021,湖南,贵州,303.13,1,1.0
2021,湖南,辽宁,130.71,0,1.0
2021,湖南,吉林,66.79,0,1.0
2021,湖南,黑龙江,113.39,0,1.0
2021,湖南,北京,76.56,0,1.0
2021,湖南,天津,136.69,0,1.0
2021,湖南,河北,132.5,0,1.0
2021,河南,广东,62.36,0,1.0
2021,河南,江苏,112.53,0,1.0
2021,河南,浙江,118.62,0,1.0
2021,河南,上海,106.44,0,1.0
2021,河南,山东,348.51,1,1.0
2021,河南,湖北,243.17,1,1.0
2021,河南,湖南,120.02,0,1.0
2021,河南,安徽,246.1,1,1.0
2021,河南,江西,154.89,0,1.0
2021,河南,四川,113.53,0,1.0
2021,河南,重庆,131.44,0,1.0
2021,河南,陕西,255.91,1,1.0
2021,河南,云南,162.94,0,1.0
2021,河南,贵州,117.49,0,1.0
2021,河南,辽宁,147.72,0,1.0
2021,河南,吉林,61.38,0,1.0
2021,河南,黑龙江,92.91,0,1.0
2021,河南,北京,123.66,0,1.0
2021,河南,天津,110.37,0,1.0
2021,河南,河北,153.46,1,1.0
2021,安徽,广东,111.87,0,1.0
2021,安徽,江苏,301.37,1,1.0
2021,安徽,浙江,287.1,1,1.0
2021,安徽,上海,155.39,0,1.0
2021,安徽,山东,231.18,1,1.0
2021,安徽,湖北,133.23,1,1.0
2021,安徽,湖南,211.06,0,1.0
2021,安徽,河南,275.01,1,1.0
2021,安徽,江西,238.24,1,1.0
2021,安徽,四川,128.09,0,1.0
2021,安徽,重庆,125.76,0,1.0
2021,安徽,陕西,144.42,0,1.0
2021,安徽,云南,160.8,0,1.0
2021,安徽,贵州,71.21,0,1.0
2021,安徽,辽宁,63.17,0,1.0
2021,安徽,吉林,61.63,0,1.0
2021,安徽,黑龙江,145.29,0,1.0
2021,安徽,北京,191.26,0,1.0
2021,安徽,天津,87.87,0,1.0
2021,安徽,河北,78.13,0,1.0
2021,江西,广东,116.95,1,1.0
2021,江西,江苏,124.96,0,1.0
2021,江西,浙江,149.03,1,1.0
2021,江西,上海,82.23,0,1.0
2021,江西,山东,121.31,0,1.0
2021,江西,湖北,327.73,1,1.0
2021,江西,湖南,126.16,1,1.0
2021,江西,河南,99.96,0,1.0
2021,江西,安徽,253.25,1,1.0
2021,江西,四川,125.24,0,1.0
2021,江西,重庆,107.54,0,1.0
2021,江西,陕西,189.9,0,1.0
2021,江西,云南,83.76,0,1.0
2021,江西,贵州,80.97,0,1.0
2021,江西,辽宁,193.37,0,1.0
2021,江西,吉林,164.04,0,1.0
2021,江西,黑龙江,166.09,0,1.0
2021,江西,北京,107.28,0,1.0
2021,江西,天津,77.54,0,1.0
2021,江西,河北,91.5,0,1.0
2021,四川,广东,106.04,0,1.0
2021,四川,江苏,166.05,0,1.0
2021,四川,浙江,179.43,0,1.0
2021,四川,上海,125.75,0,1.0
2021,四川,山东,108.94,0,1.0
2021,四川,湖北,187.76,0,1.0
2021,四川,湖南,122.32,0,1.0
2021,四川,河南,147.98,0,1.0
2021,四川,安徽,118.79,0,1.0
2021,四川,江西,179.73,0,1.0
2021,四川,重庆,278.65,1,1.0
2021,四川,陕西,128.06,1,1.0
2021,四川,云南,135.61,1,1.0
2021,四川,贵州,229.75,1,1.0
2021,四川,辽宁,125.78,0,1.0
2021,四川,吉林,157.98,0,1.0
2021,四川,黑龙江,170.95,0,1.0
2021,四川,北京,111.78,0,1.0
2021,四川,天津,120.15,0,1.0
2021,四川,河北,121.65,0,1.0
2021,重庆,广东,64.03,0,1.0
2021,重庆,江苏,109.34,0,1.0
2021,重庆,浙江,112.68,0,1.0
2021,重庆,上海,95.28,0,1.0
2021,重庆,山东,112.77,0,1.0
2021,重庆,湖北,138.23,1,1.0
2021,重庆,湖南,221.61,1,1.0
2021,重庆,河南,120.76,0,1.0
2021,重庆,安徽,61.38,0,1.0
2021,重庆,江西,82.22,0,1.0
2021,重庆,四川,423.09,1,1.0
2021,重庆,陕西,329.77,1,1.0
2021,重庆,云南,136.52,0,1.0
2021,重庆,贵州,246.69,1,1.0
2021,重庆,辽宁,115.53,0,1.0
2021,重庆,吉林,106.19,0,1.0
2021,重庆,黑龙江,52.19,0,1.0
2021,重庆,北京,112.56,0,1.0
2021,重庆,天津,122.66,0,1.0
2021,重庆,河北,133.53,0,1.0
2021,陕西,广东,180.64,0,1.0
2021,陕西,江苏,55.39,0,1.0
2021,陕西,浙江,135.86,0,1.0
2021,陕西,上海,146.31,0,1.0
2021,陕西,山东,146.52,0,1.0
2021,陕西,湖北,307.79,1,1.0
2021,陕西,湖南,104.66,0,1.0
2021,陕西,河南,268.62,1,1.0
2021,陕西,安徽,93.27,0,1.0
2021,陕西,江西,162.89,0,1.0
2021,陕西,四川,314.77,1,1.0
2021,陕西,重庆,250.89,1,1.0
2021,陕西,云南,109.37,0,1.0
2021,陕西,贵州,108.63,0,1.0
2021,陕西,辽宁,71.37,0,1.0
2021,陕西,吉林,190.31,0,1.0
2021,陕西,黑龙江,181.05,0,1.0
2021,陕西,北京,74.64,0,1.0
2021,陕西,天津,85.6,0,1.0
2021,陕西,河北,130.43,0,1.0
2021,云南,广东,155.72,0,1.0
2021,云南,江苏,67.85,0,1.0
2021,云南,浙江,192.33,0,1.0
2021,云南,上海,163.29,0,1.0
2021,云南,山东,180.11,0,1.0
2021,云南,湖北,151.13,0,1.0
2021,云南,湖南,172.72,0,1.0
2021,云南,河南,130.9,0,1.0
2021,云南,安徽,131.13,0,1.0
2021,云南,江西,175.62,0,1.0
2021,云南,四川,231.21,1,1.0
2021,云南,重庆,124.63,0,1.0
2021,云南,陕西,133.6,0,1.0
2021,云南,贵州,248.18,1,1.0
2021,云南,辽宁,95.85,0,1.0
2021,云南,吉林,99.97,0,1.0
2021,云南,黑龙江,77.87,0,1.0
2021,云南,北京,136.74,0,1.0
2021,云南,天津,140.17,0,1.0
2021,云南,河北,123.8,0,1.0
2021,贵州,广东,117.77,0,1.0
2021,贵州,江苏,145.25,0,1.0
2021,贵州,浙江,168.0,0,1.0
2021,贵州,上海,131.86,0,1.0
2021,贵州,山东,105.31,0,1.0
2021,贵州,湖北,89.69,0,1.0
2021,贵州,湖南,340.02,1,1.0
2021,贵州,河南,91.51,0,1.0
2021,贵州,安徽,142.41,0,1.0
2021,贵州,江西,137.13,0,1.0
2021,贵州,四川,218.09,1,1.0
2021,贵州,重庆,192.2,1,1.0
2021,贵州,陕西,72.3,0,1.0
2021,贵州,云南,201.17,1,1.0
2021,贵州,辽宁,142.64,0,1.0
2021,贵州,吉林,138.0,0,1.0
2021,贵州,黑龙江,157.76,0,1.0
2021,贵州,北京,196.04,0,1.0
2021,贵州,天津,70.5,0,1.0
2021,贵州,河北,85.12,0,1.0
2021,辽宁,广东,184.47,0,1.0
2021,辽宁,江苏,140.4,0,1.0
2021,辽宁,浙江,153.43,0,1.0
2021,辽宁,上海,63.06,0,1.0
2021,辽宁,山东,123.65,0,1.0
2021,辽宁,湖北,113.47,0,1.0
2021,辽宁,湖南,129.64,0,1.0
2021,辽宁,河南,135.35,0,1.0
2021,辽宁,安徽,150.83,0,1.0
2021,辽宁,江西,130.1,0,1.0
2021,辽宁,四川,169.21,0,1.0
2021,辽宁,重庆,83.82,0,1.0
2021,辽宁,陕西,108.72,0,1.0
2021,辽宁,云南,104.34,0,1.0
2021,辽宁,贵州,99.96,0,1.0
2021,辽宁,吉林,281.12,1,1.0
2021,辽宁,黑龙江,153.67,0,1.0
2021,辽宁,北京,72.55,0,1.0
2021,辽宁,天津,93.89,0,1.0
2021,辽宁,河北,275.52,1,1.0
2021,吉林,广东,127.73,0,1.0
2021,吉林,江苏,166.62,0,1.0
2021,吉林,浙江,82.2,0,1.0
2021,吉林,上海,119.32,0,1.0
2021,吉林,山东,157.27,0,1.0
2021,吉林,湖北,162.73,0,1.0
2021,吉林,湖南,95.26,0,1.0
2021,吉林,河南,81.41,0,1.0
2021,吉林,安徽,75.79,0,1.0
2021,吉林,江西,154.66,0,1.0
2021,吉林,四川,94.86,0,1.0
2021,吉林,重庆,125.42,0,1.0
2021,吉林,陕西,65.42,0,1.0
2021,吉林,云南,121.23,0,1.0
2021,吉林,贵州,112.44,0,1.0
2021,吉林,辽宁,186.24,1,1.0
2021,吉林,黑龙江,356.59,1,1.0
2021,吉林,北京,107.99,0,1.0
2021,吉林,天津,159.47,0,1.0
2021,吉林,河北,148.98,0,1.0
2021,黑龙江,广东,105.04,0,1.0
2021,黑龙江,江苏,182.81,0,1.0
2021,黑龙江,浙江,93.32,0,1.0
2021,黑龙江,上海,109.49,0,1.0
2021,黑龙江,山东,89.0,0,1.0
2021,黑龙江,湖北,182.54,0,1.0
2021,黑龙江,湖南,129.25,0,1.0
2021,黑龙江,河南,145.25,0,1.0
2021,黑龙江,安徽,141.55,0,1.0
2021,黑龙江,江西,109.16,0,1.0
2021,黑龙江,四川,95.43,0,1.0
2021,黑龙江,重庆,117.37,0,1.0
2021,黑龙江,陕西,157.15,0,1.0
2021,黑龙江,云南,147.94,0,1.0
2021,黑龙江,贵州,127.25,0,1.0
2021,黑龙江,辽宁,210.73,0,1.0
2021,黑龙江,吉林,183.46,1,1.0
2021,黑龙江,北京,150.33,0,1.0
2021,黑龙江,天津,132.96,0,1.0
2021,黑龙江,河北,142.62,0,1.0
2021,北京,广东,181.04,0,1.0
2021,北京,江苏,144.06,0,1.0
2021,北京,浙江,131.05,0,1.0
2021,北京,上海,153.55,0,1.0
2021,北京,山东,103.78,0,1.0
2021,北京,湖北,148.56,0,1.0
2021,北京,湖南,99.97,0,1.0
2021,北京,河南,119.54,0,1.0
2021,北京,安徽,146.06,0,1.0
2021,北京,江西,199.5,0,1.0
2021,北京,四川,176.4,0,1.0
2021,北京,重庆,97.43,0,1.0
2021,北京,陕西,100.49,0,1.0
2021,北京,云南,165.05,0,1.0
2021,北京,贵州,110.22,0,1.0
2021,北京,辽宁,165.32,0,1.0
2021,北京,吉林,80.2,0,1.0
2021,北京,黑龙江,160.73,0,1.0
2021,北京,天津,123.11,1,1.0
2021,北京,河北,242.66,1,1.0
2021,天津,广东,63.22,0,1.0
2021,天津,江苏,123.53,0,1.0
2021,天津,浙江,164.16,0,1.0
2021,天津,上海,66.14,0,1.0
2021,天津,山东,165.07,0,1.0
2021,天津,湖北,88.99,0,1.0
2021,天津,湖南,113.03,0,1.0
2021,天津,河南,136.25,0,1.0
2021,天津,安徽,128.55,0,1.0
2021,天津,江西,129.08,0,1.0
2021,天津,四川,111.44,0,1.0
2021,天津,重庆,109.61,0,1.0
2021,天津,陕西,111.8,0,1.0
2021,天津,云南,124.72,0,1.0
2021,天津,贵州,117.68,0,1.0
2021,天津,辽宁,94.11,0,1.0
2021,天津,吉林,144.48,0,1.0
2021,天津,黑龙江,71.36,0,1.0
2021,天津,北京,130.46,1,1.0
2021,天津,河北,266.86,1,1.0
2021,河北,广东,156.87,0,1.0
2021,河北,江苏,143.07,0,1.0
2021,河北,浙江,107.11,0,1.0
2021,河北,上海,187.87,0,1.0
2021,河北,山东,272.59,1,1.0
2021,河北,湖北,68.78,0,1.0
2021,河北,湖南,100.29,0,1.0
2021,河北,河南,246.41,1,1.0
2021,河北,安徽,160.08,0,1.0
2021,河北,江西,90.78,0,1.0
2021,河北,四川,90.53,0,1.0
2021,河北,重庆,197.23,0,1.0
2021,河北,陕西,154.75,0,1.0
2021,河北,云南,78.55,0,1.0
2021,河北,贵州,138.97,0,1.0
2021,河北,辽宁,317.83,1,1.0
2021,河北,吉林,170.9,0,1.0
2021,河北,黑龙江,121.25,0,1.0
2021,河北,北京,153.6,1,1.0
2021,河北,天津,208.28,1,1.0
2022,广东,江苏,119.64,0,1.0
2022,广东,浙江,105.27,0,1.0
2022,广东,上海,94.01,0,1.0
2022,广东,山东,72.91,0,1.0
2022,广东,湖北,148.55,0,1.0
2022,广东,湖南,168.53,1,1.0
2022,广东,河南,184.14,0,1.0
2022,广东,安徽,171.24,0,1.0
2022,广东,江西,305.68,1,1.0
2022,广东,四川,99.39,0,1.0
2022,广东,重庆,164.42,0,1.0
2022,广东,陕西,159.77,0,1.0
2022,广东,云南,67.03,0,1.0
2022,广东,贵州,161.91,0,1.0
2022,广东,辽宁,155.32,0,1.0
2022,广东,吉林,79.83,0,1.0
2022,广东,黑龙江,125.54,0,1.0
2022,广东,北京,146.45,0,1.0
2022,广东,天津,83.71,0,1.0
2022,广东,河北,115.73,0,1.0
2022,江苏,广东,95.56,0,1.0
2022,江苏,浙江,220.24,1,1.0
2022,江苏,上海,276.6,1,1.0
2022,江苏,山东,268.68,1,1.0
2022,江苏,湖北,190.1,0,1.0
2022,江苏,湖南,108.31,0,1.0
2022,江苏,河南,86.72,0,1.0
2022,江苏,安徽,248.2,1,1.0
2022,江苏,江西,137.99,0,1.0
2022,江苏,四川,139.5,0,1.0
2022,江苏,重庆,186.64,0,1.0
2022,江苏,陕西,65.18,0,1.0
2022,江苏,云南,176.33,0,1.0
2022,江苏,贵州,129.27,0,1.0
2022,江苏,辽宁,100.01,0,1.0
2022,江苏,吉林,145.23,0,1.0
2022,江苏,黑龙江,109.97,0,1.0
2022,江苏,北京,81.91,0,1.0
2022,江苏,天津,140.45,0,1.0
2022,江苏,河北,144.99,0,1.0
2022,浙江,广东,90.75,0,1.0
2022,浙江,江苏,258.54,1,1.0
2022,浙江,上海,219.36,1,1.0
2022,浙江,山东,144.58,0,1.0
2022,浙江,湖北,113.83,0,1.0
2022,浙江,湖南,134.6,0,1.0
2022,浙江,河南,184.62,0,1.0
2022,浙江,安徽,358.56,1,1.0
2022,浙江,江西,363.46,1,1.0
2022,浙江,四川,115.38,0,1.0
2022,浙江,重庆,158.69,0,1.0
2022,浙江,陕西,104.73,0,1.0
2022,浙江,云南,102.58,0,1.0
2022,浙江,贵州,83.16,0,1.0
2022,浙江,辽宁,77.61,0,1.0
2022,浙江,吉林,168.94,0,1.0
2022,浙江,黑龙江,156.85,0,1.0
2022,浙江,北京,76.75,0,1.0
2022,浙江,天津,157.24,0,1.0
2022,浙江,河北,94.56,0,1.0
2022,上海,广东,143.05,0,1.0
2022,上海,江苏,333.87,1,1.0
2022,上海,浙江,227.42,1,1.0
2022,上海,山东,181.6,0,1.0
2022,上海,湖北,187.78,0,1.0
2022,上海,湖南,90.3,0,1.0
2022,上海,河南,137.58,0,1.0
2022,上海,安徽,139.06,0,1.0
2022,上海,江西,74.05,0,1.0
2022,上海,四川,59.13,0,1.0
2022,上海,重庆,101.8,0,1.0
2022,上海,陕西,141.13,0,1.0
2022,上海,云南,94.5,0,1.0
2022,上海,贵州,75.53,0,1.0
2022,上海,辽宁,90.99,0,1.0
2022,上海,吉林,134.64,0,1.0
2022,上海,黑龙江,176.23,0,1.0
2022,上海,北京,85.21,0,1.0
2022,上海,天津,143.71,0,1.0
2022,上海,河北,189.48,0,1.0
2022,山东,广东,94.87,0,1.0
2022,山东,江苏,275.66,1,1.0
2022,山东,浙江,72.47,0,1.0
2022,山东,上海,197.38,0,1.0
2022,山东,湖北,214.01,0,1.0
2022,山东,湖南,111.82,0,1.0
2022,山东,河南,296.95,1,1.0
2022,山东,安徽,288.15,1,1.0
2022,山东,江西,167.81,0,1.0
2022,山东,四川,184.18,0,1.0
2022,山东,重庆,140.31,0,1.0
2022,山东,陕西,59.78,0,1.0
2022,山东,云南,165.51,0,1.0
2022,山东,贵州,96.57,0,1.0
2022,山东,辽宁,76.33,0,1.0
2022,山东,吉林,221.1,0,1.0
2022,山东,黑龙江,101.52,0,1.0
2022,山东,北京,114.09,0,1.0
2022,山东,天津,105.59,0,1.0
2022,山东,河北,104.85,1,1.0
2022,湖北,广东,92.52,0,1.0
2022,湖北,江苏,55.55,0,1.0
2022,湖北,浙江,85.51,0,1.0
2022,湖北,上海,169.37,0,1.0
2022,湖北,山东,59.88,0,1.0
2022,湖北,湖南,183.41,1,1.0
2022,湖北,河南,272.72,1,1.0
2022,湖北,安徽,406.62,1,1.0
2022,湖北,江西,219.28,1,1.0
2022,湖北,四川,167.62,0,1.0
2022,湖北,重庆,361.46,1,1.0
2022,湖北,陕西,308.34,1,1.0
2022,湖北,云南,92.37,0,1.0
2022,湖北,贵州,96.78,0,1.0
2022,湖北,辽宁,106.91,0,1.0
2022,湖北,吉林,174.32,0,1.0
2022,湖北,黑龙江,69.96,0,1.0
2022,湖北,北京,88.6,0,1.0
2022,湖北,天津,141.77,0,1.0
2022,湖北,河北,90.63,0,1.0
2022,湖南,广东,335.1,1,1.0
2022,湖南,江苏,165.7,0,1.0
2022,湖南,浙江,135.13,0,1.0
2022,湖南,上海,146.45,0,1.0
2022,湖南,山东,158.33,0,1.0
2022,湖南,湖北,225.16,1,1.0
2022,湖南,河南,62.72,0,1.0
2022,湖南,安徽,136.88,0,1.0
2022,湖南,江西,188.97,1,1.0
2022,湖南,四川,110.1,0,1.0
2022,湖南,重庆,194.58,1,1.0
2022,湖南,陕西,80.73,0,1.0
2022,湖南,云南,74.11,0,1.0
2022,湖南,贵州,190.48,1,1.0
2022,湖南,辽宁,133.14,0,1.0
2022,湖南,吉林,189.37,0,1.0
2022,湖南,黑龙江,113.78,0,1.0
2022,湖南,北京,84.33,0,1.0
2022,湖南,天津,135.85,0,1.0
2022,湖南,河北,76.72,0,1.0
2022,河南,广东,86.68,0,1.0
2022,河南,江苏,204.11,0,1.0
2022,河南,浙江,180.2,0,1.0
2022,河南,上海,89.52,0,1.0
2022,河南,山东,325.97,1,1.0
2022,河南,湖北,178.31,1,1.0
2022,河南,湖南,90.28,0,1.0
2022,河南,安徽,310.61,1,1.0
2022,河南,江西,127.86,0,1.0
2022,河南,四川,159.34,0,1.0
2022,河南,重庆,85.57,0,1.0
2022,河南,陕西,189.89,1,1.0
2022,河南,云南,124.55,0,1.0
2022,河南,贵州,129.26,0,1.0
2022,河南,辽宁,195.83,0,1.0
2022,河南,吉林,158.8,0,1.0
2022,河南,黑龙江,79.71,0,1.0
2022,河南,北京,119.74,0,1.0
2022,河南,天津,173.65,0,1.0
2022,河南,河北,292.58,1,1.0
2022,安徽,广东,182.31,0,1.0
2022,安徽,江苏,276.49,1,1.0
2022,安徽,浙江,306.51,1,1.0
2022,安徽,上海,140.05,0,1.0
2022,安徽,山东,155.05,1,1.0
2022,安徽,湖北,364.02,1,1.0
2022,安徽,湖南,94.88,0,1.0
2022,安徽,河南,156.6,1,1.0
2022,安徽,江西,308.9,1,1.0
2022,安徽,四川,177.09,0,1.0
2022,安徽,重庆,152.86,0,1.0
2022,安徽,陕西,117.92,0,1.0
2022,安徽,云南,115.4,0,1.0
2022,安徽,贵州,93.29,0,1.0
2022,安徽,辽宁,51.57,0,1.0
2022,安徽,吉林,113.61,0,1.0
2022,安徽,黑龙江,90.75,0,1.0
2022,安徽,北京,152.6,0,1.0
2022,安徽,天津,168.32,0,1.0
2022,安徽,河北,193.77,0,1.0
2022,江西,广东,329.6,1,1.0
2022,江西,江苏,155.22,0,1.0
2022,江西,浙江,154.69,1,1.0
2022,江西,上海,204.54,0,1.0
2022,江西,山东,96.74,0,1.0
2022,江西,湖北,307.24,1,1.0
2022,江西,湖南,244.1,1,1.0
2022,江西,河南,158.31,0,1.0
2022,江西,安徽,351.29,1,1.0
2022,江西,四川,200.93,0,1.0
2022,江西,重庆,78.09,0,1.0
2022,江西,陕西,76.56,0,1.0
2022,江西,云南,194.68,0,1.0
2022,江西,贵州,115.5,0,1.0
2022,江西,辽宁,150.69,0,1.0
2022,江西,吉林,113.92,0,1.0
2022,江西,黑龙江,117.72,0,1.0
2022,江西,北京,113.14,0,1.0
2022,江西,天津,156.11,0,1.0
2022,江西,河北,79.97,0,1.0
2022,四川,广东,154.93,0,1.0
2022,四川,江苏,118.03,0,1.0
2022,四川,浙江,97.55,0,1.0
2022,四川,上海,164.68,0,1.0
2022,四川,山东,152.19,0,1.0
2022,四川,湖北,152.2,0,1.0
2022,四川,湖南,76.99,0,1.0
2022,四川,河南,189.5,0,1.0
2022,四川,安徽,158.51,0,1.0
2022,四川,江西,131.12,0,1.0
2022,四川,重庆,231.31,1,1.0
2022,四川,陕西,245.15,1,1.0
2022,四川,云南,256.54,1,1.0
2022,四川,贵州,357.52,1,1.0
2022,四川,辽宁,131.74,0,1.0
2022,四川,吉林,170.75,0,1.0
2022,四川,黑龙江,172.25,0,1.0
2022,四川,北京,151.55,0,1.0
2022,四川,天津,150.83,0,1.0
2022,四川,河北,171.97,0,1.0
2022,重庆,广东,152.01,0,1.0
2022,重庆,江苏,136.4,0,1.0
2022,重庆,浙江,202.36,0,1.0
2022,重庆,上海,181.02,0,1.0
2022,重庆,山东,61.0,0,1.0
2022,重庆,湖北,231.64,1,1.0
2022,重庆,湖南,246.4,1,1.0
2022,重庆,河南,165.82,0,1.0
2022,重庆,安徽,59.47,0,1.0
2022,重庆,江西,81.51,0,1.0
2022,重庆,四川,344.0,1,1.0
2022,重庆,陕西,273.31,1,1.0
2022,重庆,云南,74.26,0,1.0
2022,重庆,贵州,161.62,1,1.0
2022,重庆,辽宁,88.87,0,1.0
2022,重庆,吉林,127.93,0,1.0
2022,重庆,黑龙江,101.75,0,1.0
2022,重庆,北京,81.24,0,1.0
2022,重庆,天津,65.0,0,1.0
2022,重庆,河北,93.79,0,1.0
2022,陕西,广东,203.14,0,1.0
2022,陕西,江苏,169.53,0,1.0
2022,陕西,浙江,70.25,0,1.0
2022,陕西,上海,125.84,0,1.0
2022,陕西,山东,148.23,0,1.0
2022,陕西,湖北,319.59,1,1.0
2022,陕西,湖南,140.04,0,1.0
2022,陕西,河南,223.97,1,1.0
2022,陕西,安徽,99.3,0,1.0
2022,陕西,江西,158.35,0,1.0
2022,陕西,四川,217.31,1,1.0
2022,陕西,重庆,189.81,1,1.0
2022,陕西,云南,175.05,0,1.0
2022,陕西,贵州,64.72,0,1.0
2022,陕西,辽宁,218.19,0,1.0
2022,陕西,吉林,130.54,0,1.0
2022,陕西,黑龙江,134.31,0,1.0
2022,陕西,北京,150.19,0,1.0
2022,陕西,天津,130.88,0,1.0
2022,陕西,河北,140.04,0,1.0
2022,云南,广东,94.72,0,1.0
2022,云南,江苏,119.72,0,1.0
2022,云南,浙江,196.44,0,1.0
2022,云南,上海,136.35,0,1.0
2022,云南,山东,95.52,0,1.0
2022,云南,湖北,69.77,0,1.0
2022,云南,湖南,160.11,0,1.0
2022,云南,河南,108.06,0,1.0
2022,云南,安徽,134.84,0,1.0
2022,云南,江西,169.02,0,1.0
2022,云南,四川,306.36,1,1.0
2022,云南,重庆,145.11,0,1.0
2022,云南,陕西,150.01,0,1.0
2022,云南,贵州,385.8,1,1.0
2022,云南,辽宁,117.19,0,1.0
2022,云南,吉林,148.57,0,1.0
2022,云南,黑龙江,143.48,0,1.0
2022,云南,北京,106.44,0,1.0
2022,云南,天津,155.89,0,1.0
2022,云南,河北,195.76,0,1.0
2022,贵州,广东,144.09,0,1.0
2022,贵州,江苏,84.84,0,1.0
2022,贵州,浙江,146.16,0,1.0
2022,贵州,上海,153.62,0,1.0
2022,贵州,山东,76.56,0,1.0
2022,贵州,湖北,74.13,0,1.0
2022,贵州,湖南,122.93,1,1.0
2022,贵州,河南,144.39,0,1.0
2022,贵州,安徽,95.17,0,1.0
2022,贵州,江西,121.89,0,1.0
2022,贵州,四川,282.84,1,1.0
2022,贵州,重庆,186.69,1,1.0
2022,贵州,陕西,172.42,0,1.0
2022,贵州,云南,151.88,1,1.0
2022,贵州,辽宁,91.65,0,1.0
2022,贵州,吉林,114.98,0,1.0
2022,贵州,黑龙江,112.33,0,1.0
2022,贵州,北京,179.22,0,1.0
2022,贵州,天津,104.75,0,1.0
2022,贵州,河北,106.35,0,1.0
2022,辽宁,广东,160.13,0,1.0
2022,辽宁,江苏,121.93,0,1.0
2022,辽宁,浙江,205.02,0,1.0
2022,辽宁,上海,103.64,0,1.0
2022,辽宁,山东,77.36,0,1.0
2022,辽宁,湖北,125.19,0,1.0
2022,辽宁,湖南,50.47,0,1.0
2022,辽宁,河南,61.91,0,1.0
2022,辽宁,安徽,151.34,0,1.0
2022,辽宁,江西,69.67,0,1.0
2022,辽宁,四川,157.03,0,1.0
2022,辽宁,重庆,174.25,0,1.0
2022,辽宁,陕西,82.74,0,1.0
2022,辽宁,云南,103.02,0,1.0
2022,辽宁,贵州,74.17,0,1.0
2022,辽宁,吉林,264.97,1,1.0
2022,辽宁,黑龙江,176.58,0,1.0
2022,辽宁,北京,139.28,0,1.0
2022,辽宁,天津,177.18,0,1.0
2022,辽宁,河北,129.53,1,1.0
2022,吉林,广东,85.89,0,1.0
2022,吉林,江苏,190.32,0,1.0
2022,吉林,浙江,96.74,0,1.0
2022,吉林,上海,84.36,0,1.0
2022,吉林,山东,118.44,0,1.0
2022,吉林,湖北,171.73,0,1.0
2022,吉林,湖南,134.73,0,1.0
2022,吉林,河南,128.87,0,1.0
2022,吉林,安徽,68.64,0,1.0
2022,吉林,江西,149.16,0,1.0
2022,吉林,四川,86.4,0,1.0
2022,吉林,重庆,89.63,0,1.0
2022,吉林,陕西,114.86,0,1.0
2022,吉林,云南,135.6,0,1.0
2022,吉林,贵州,121.0,0,1.0
2022,吉林,辽宁,145.4,1,1.0
2022,吉林,黑龙江,270.3,1,1.0
2022,吉林,北京,99.48,0,1.0
2022,吉林,天津,159.37,0,1.0
2022,吉林,河北,180.95,0,1.0
2022,黑龙江,广东,69.57,0,1.0
2022,黑龙江,江苏,163.84,0,1.0
2022,黑龙江,浙江,132.92,0,1.0
2022,黑龙江,上海,121.03,0,1.0
2022,黑龙江,山东,127.23,0,1.0
2022,黑龙江,湖北,131.82,0,1.0
2022,黑龙江,湖南,154.23,0,1.0
2022,黑龙江,河南,120.7,0,1.0
2022,黑龙江,安徽,93.03,0,1.0
2022,黑龙江,江西,154.62,0,1.0
2022,黑龙江,四川,64.88,0,1.0
2022,黑龙江,重庆,140.12,0,1.0
2022,黑龙江,陕西,97.27,0,1.0
2022,黑龙江,云南,71.08,0,1.0
2022,黑龙江,贵州,91.7,0,1.0
2022,黑龙江,辽宁,157.68,0,1.0
2022,黑龙江,吉林,420.8,1,1.0
2022,黑龙江,北京,187.35,0,1.0
2022,黑龙江,天津,175.0,0,1.0
2022,黑龙江,河北,112.68,0,1.0
2022,北京,广东,77.41,0,1.0
2022,北京,江苏,84.59,0,1.0
2022,北京,浙江,119.3,0,1.0
2022,北京,上海,104.57,0,1.0
2022,北京,山东,98.87,0,1.0
2022,北京,湖北,59.86,0,1.0
2022,北京,湖南,69.5,0,1.0
2022,北京,河南,168.74,0,1.0
2022,北京,安徽,107.48,0,1.0
2022,北京,江西,115.66,0,1.0
2022,北京,四川,113.64,0,1.0
2022,北京,重庆,134.56,0,1.0
2022,北京,陕西,159.89,0,1.0
2022,北京,云南,94.97,0,1.0
2022,北京,贵州,116.93,0,1.0
2022,北京,辽宁,93.56,0,1.0
2022,北京,吉林,116.06,0,1.0
2022,北京,黑龙江,145.15,0,1.0
2022,北京,天津,203.91,1,1.0
2022,北京,河北,126.29,1,1.0
2022,天津,广东,95.74,0,1.0
2022,天津,江苏,184.82,0,1.0
2022,天津,浙江,122.34,0,1.0
2022,天津,上海,141.1,0,1.0
2022,天津,山东,136.12,0,1.0
2022,天津,湖北,134.48,0,1.0
2022,天津,湖南,128.03,0,1.0
2022,天津,河南,111.46,0,1.0
2022,天津,安徽,188.18,0,1.0
2022,天津,江西,133.35,0,1.0
2022,天津,四川,163.39,0,1.0
2022,天津,重庆,79.44,0,1.0
2022,天津,陕西,85.9,0,1.0
2022,天津,云南,154.78,0,1.0
2022,天津,贵州,147.64,0,1.0
2022,天津,辽宁,79.48,0,1.0
2022,天津,吉林,88.61,0,1.0
2022,天津,黑龙江,82.01,0,1.0
2022,天津,北京,390.49,1,1.0
2022,天津,河北,188.55,1,1.0
2022,河北,广东,88.85,0,1.0
2022,河北,江苏,146.37,0,1.0
2022,河北,浙江,82.28,0,1.0
2022,河北,上海,161.99,0,1.0
2022,河北,山东,334.48,1,1.0
2022,河北,湖北,196.98,0,1.0
2022,河北,湖南,133.14,0,1.0
2022,河北,河南,261.84,1,1.0
2022,河北,安徽,118.93,0,1.0
2022,河北,江西,93.2,0,1.0
2022,河北,四川,102.93,0,1.0
2022,河北,重庆,86.52,0,1.0
2022,河北,陕西,61.04,0,1.0
2022,河北,云南,98.56,0,1.0
2022,河北,贵州,101.61,0,1.0
2022,河北,辽宁,144.05,1,1.0
2022,河北,吉林,152.67,0,1.0
2022,河北,黑龙江,147.45,0,1.0
2022,河北,北京,214.76,1,1.0
2022,河北,天津,215.93,1,1.0
2023,广东,江苏,159.62,0,1.0
2023,广东,浙江,125.28,0,1.0
2023,广东,上海,58.45,0,1.0
2023,广东,山东,125.77,0,1.0
2023,广东,湖北,180.65,0,1.0
2023,广东,湖南,186.11,1,1.0
2023,广东,河南,81.61,0,1.0
2023,广东,安徽,72.87,0,1.0
2023,广东,江西,335.3,1,1.0
2023,广东,四川,147.83,0,1.0
2023,广东,重庆,121.79,0,1.0
2023,广东,陕西,85.68,0,1.0
2023,广东,云南,70.4,0,1.0
2023,广东,贵州,148.89,0,1.0
2023,广东,辽宁,111.37,0,1.0
2023,广东,吉林,86.99,0,1.0
2023,广东,黑龙江,91.15,0,1.0
2023,广东,北京,161.01,0,1.0
2023,广东,天津,140.14,0,1.0
2023,广东,河北,124.09,0,1.0
2023,江苏,广东,173.32,0,1.0
2023,江苏,浙江,130.12,1,1.0
2023,江苏,上海,245.3,1,1.0
2023,江苏,山东,220.1,1,1.0
2023,江苏,湖北,104.64,0,1.0
2023,江苏,湖南,133.13,0,1.0
2023,江苏,河南,158.0,0,1.0
2023,江苏,安徽,332.54,1,1.0
2023,江苏,江西,159.59,0,1.0
2023,江苏,四川,142.22,0,1.0
2023,江苏,重庆,166.93,0,1.0
2023,江苏,陕西,142.3,0,1.0
2023,江苏,云南,157.25,0,1.0
2023,江苏,贵州,77.08,0,1.0
2023,江苏,辽宁,149.63,0,1.0
2023,江苏,吉林,226.06,0,1.0
2023,江苏,黑龙江,213.55,0,1.0
2023,江苏,北京,68.15,0,1.0
2023,江苏,天津,168.28,0,1.0
2023,江苏,河北,183.41,0,1.0
2023,浙江,广东,74.48,0,1.0
2023,浙江,江苏,265.06,1,1.0
2023,浙江,上海,386.68,1,1.0
2023,浙江,山东,94.51,0,1.0
2023,浙江,湖北,90.59,0,1.0
2023,浙江,湖南,70.14,0,1.0
2023,浙江,河南,148.76,0,1.0
2023,浙江,安徽,331.19,1,1.0
2023,浙江,江西,307.71,1,1.0
2023,浙江,四川,70.86,0,1.0
2023,浙江,重庆,56.59,0,1.0
2023,浙江,陕西,225.39,0,1.0
2023,浙江,云南,72.52,0,1.0
2023,浙江,贵州,168.62,0,1.0
2023,浙江,辽宁,91.54,0,1.0
2023,浙江,吉林,102.37,0,1.0
2023,浙江,黑龙江,157.97,0,1.0
2023,浙江,北京,152.16,0,1.0
2023,浙江,天津,82.31,0,1.0
2023,浙江,河北,117.27,0,1.0
2023,上海,广东,73.96,0,1.0
2023,上海,江苏,203.61,1,1.0
2023,上海,浙江,236.91,1,1.0
2023,上海,山东,85.21,0,1.0
2023,上海,湖北,192.93,0,1.0
2023,上海,湖南,162.39,0,1.0
2023,上海,河南,57.87,0,1.0
2023,上海,安徽,167.37,0,1.0
2023,上海,江西,82.73,0,1.0
2023,上海,四川,226.27,0,1.0
2023,上海,重庆,163.75,0,1.0
2023,上海,陕西,110.44,0,1.0
2023,上海,云南,61.84,0,1.0
2023,上海,贵州,76.79,0,1.0
2023,上海,辽宁,133.21,0,1.0
2023,上海,吉林,173.63,0,1.0
2023,上海,黑龙江,194.75,0,1.0
2023,上海,北京,191.27,0,1.0
2023,上海,天津,153.35,0,1.0
2023,上海,河北,148.14,0,1.0
2023,山东,广东,194.33,0,1.0
2023,山东,江苏,318.19,1,1.0
2023,山东,浙江,99.72,0,1.0
2023,山东,上海,139.04,0,1.0
2023,山东,湖北,117.86,0,1.0
2023,山东,湖南,163.38,0,1.0
2023,山东,河南,110.41,1,1.0
2023,山东,安徽,230.43,1,1.0
2023,山东,江西,96.53,0,1.0
2023,山东,四川,189.22,0,1.0
2023,山东,重庆,207.07,0,1.0
2023,山东,陕西,132.6,0,1.0
2023,山东,云南,98.71,0,1.0
2023,山东,贵州,164.32,0,1.0
2023,山东,辽宁,159.48,0,1.0
2023,山东,吉林,140.58,0,1.0
2023,山东,黑龙江,72.9,0,1.0
2023,山东,北京,212.54,0,1.0
2023,山东,天津,155.76,0,1.0
2023,山东,河北,265.86,1,1.0
2023,湖北,广东,84.07,0,1.0
2023,湖北,江苏,139.42,0,1.0
2023,湖北,浙江,114.9,0,1.0
2023,湖北,上海,149.82,0,1.0
2023,湖北,山东,104.65,0,1.0
2023,湖北,湖南,236.65,1,1.0
2023,湖北,河南,194.9,1,1.0
2023,湖北,安徽,275.72,1,1.0
2023,湖北,江西,286.51,1,1.0
2023,湖北,四川,112.06,0,1.0
2023,湖北,重庆,341.54,1,1.0
2023,湖北,陕西,347.68,1,1.0
2023,湖北,云南,112.29,0,1.0
2023,湖北,贵州,89.37,0,1.0
2023,湖北,辽宁,110.51,0,1.0
2023,湖北,吉林,81.61,0,1.0
2023,湖北,黑龙江,89.18,0,1.0
2023,湖北,北京,133.45,0,1.0
2023,湖北,天津,176.48,0,1.0
2023,湖北,河北,95.26,0,1.0
2023,湖南,广东,134.18,1,1.0
2023,湖南,江苏,159.71,0,1.0
2023,湖南,浙江,162.79,0,1.0
2023,湖南,上海,104.18,0,1.0
2023,湖南,山东,159.05,0,1.0
2023,湖南,湖北,225.86,1,1.0
2023,湖南,河南,152.59,0,1.0
2023,湖南,安徽,86.76,0,1.0
2023,湖南,江西,361.01,1,1.0
2023,湖南,四川,150.72,0,1.0
2023,湖南,重庆,295.44,1,1.0
2023,湖南,陕西,139.85,0,1.0
2023,湖南,云南,204.27,0,1.0
2023,湖南,贵州,240.01,1,1.0
2023,湖南,辽宁,89.69,0,1.0
2023,湖南,吉林,129.06,0,1.0
2023,湖南,黑龙江,147.29,0,1.0
2023,湖南,北京,213.79,0,1.0
2023,湖南,天津,113.98,0,1.0
2023,湖南,河北,116.83,0,1.0
2023,河南,广东,89.18,0,1.0
2023,河南,江苏,102.09,0,1.0
2023,河南,浙江,111.71,0,1.0
2023,河南,上海,123.29,0,1.0
2023,河南,山东,291.8,1,1.0
2023,河南,湖北,403.25,1,1.0
2023,河南,湖南,174.27,0,1.0
2023,河南,安徽,347.63,1,1.0
2023,河南,江西,121.7,0,1.0
2023,河南,四川,115.44,0,1.0
2023,河南,重庆,99.62,0,1.0
2023,河南,陕西,184.41,1,1.0
2023,河南,云南,156.8,0,1.0
2023,河南,贵州,153.52,0,1.0
2023,河南,辽宁,123.73,0,1.0
2023,河南,吉林,154.05,0,1.0
2023,河南,黑龙江,146.52,0,1.0
2023,河南,北京,138.15,0,1.0
2023,河南,天津,111.57,0,1.0
2023,河南,河北,267.73,1,1.0
2023,安徽,广东,150.0,0,1.0
2023,安徽,江苏,135.52,1,1.0
2023,安徽,浙江,155.18,1,1.0
2023,安徽,上海,61.87,0,1.0
2023,安徽,山东,370.4,1,1.0
2023,安徽,湖北,251.85,1,1.0
2023,安徽,湖南,156.52,0,1.0
2023,安徽,河南,344.63,1,1.0
2023,安徽,江西,213.28,1,1.0
2023,安徽,四川,137.96,0,1.0
2023,安徽,重庆,146.24,0,1.0
2023,安徽,陕西,126.9,0,1.0
2023,安徽,云南,92.69,0,1.0
2023,安徽,贵州,100.45,0,1.0
2023,安徽,辽宁,86.96,0,1.0
2023,安徽,吉林,107.54,0,1.0
2023,安徽,黑龙江,197.88,0,1.0
2023,安徽,北京,128.73,0,1.0
2023,安徽,天津,215.74,0,1.0
2023,安徽,河北,131.81,0,1.0
2023,江西,广东,207.65,1,1.0
2023,江西,江苏,113.63,0,1.0
2023,江西,浙江,313.61,1,1.0
2023,江西,上海,118.93,0,1.0
2023,江西,山东,136.0,0,1.0
2023,江西,湖北,198.95,1,1.0
2023,江西,湖南,361.29,1,1.0
2023,江西,河南,111.21,0,1.0
2023,江西,安徽,427.43,1,1.0
2023,江西,四川,119.81,0,1.0
2023,江西,重庆,173.06,0,1.0
2023,江西,陕西,188.42,0,1.0
2023,江西,云南,113.13,0,1.0
2023,江西,贵州,155.83,0,1.0
2023,江西,辽宁,136.67,0,1.0
2023,江西,吉林,53.48,0,1.0
2023,江西,黑龙江,124.67,0,1.0
2023,江西,北京,97.47,0,1.0
2023,江西,天津,210.3,0,1.0
2023,江西,河北,168.73,0,1.0
2023,四川,广东,139.38,0,1.0
2023,四川,江苏,92.9,0,1.0
2023,四川,浙江,78.34,0,1.0
2023,四川,上海,196.6,0,1.0
2023,四川,山东,133.53,0,1.0
2023,四川,湖北,145.47,0,1.0
2023,四川,湖南,119.48,0,1.0
2023,四川,河南,221.02,0,1.0
2023,四川,安徽,79.72,0,1.0
2023,四川,江西,207.44,0,1.0
2023,四川,重庆,251.25,1,1.0
2023,四川,陕西,341.66,1,1.0
2023,四川,云南,221.17,1,1.0
2023,四川,贵州,250.35,1,1.0
2023,四川,辽宁,184.05,0,1.0
2023,四川,吉林,131.03,0,1.0
2023,四川,黑龙江,118.99,0,1.0
2023,四川,北京,205.21,0,1.0
2023,四川,天津,111.0,0,1.0
2023,四川,河北,148.06,0,1.0
2023,重庆,广东,104.03,0,1.0
2023,重庆,江苏,75.86,0,1.0
2023,重庆,浙江,183.92,0,1.0
2023,重庆,上海,189.92,0,1.0
2023,重庆,山东,114.62,0,1.0
2023,重庆,湖北,404.7,1,1.0
2023,重庆,湖南,260.56,1,1.0
2023,重庆,河南,126.15,0,1.0
2023,重庆,安徽,156.62,0,1.0
2023,重庆,江西,156.3,0,1.0
2023,重庆,四川,282.99,1,1.0
2023,重庆,陕西,190.39,1,1.0
2023,重庆,云南,176.06,0,1.0
2023,重庆,贵州,391.17,1,1.0
2023,重庆,辽宁,170.91,0,1.0
2023,重庆,吉林,122.2,0,1.0
2023,重庆,黑龙江,155.76,0,1.0
2023,重庆,北京,174.11,0,1.0
2023,重庆,天津,110.14,0,1.0
2023,重庆,河北,194.46,0,1.0
2023,陕西,广东,101.54,0,1.0
2023,陕西,江苏,106.64,0,1.0
2023,陕西,浙江,114.5,0,1.0
2023,陕西,上海,108.08,0,1.0
2023,陕西,山东,111.25,0,1.0
2023,陕西,湖北,228.09,1,1.0
2023,陕西,湖南,98.91,0,1.0
2023,陕西,河南,156.04,1,1.0
2023,陕西,安徽,100.31,0,1.0
2023,陕西,江西,123.55,0,1.0
2023,陕西,四川,235.34,1,1.0
2023,陕西,重庆,170.53,1,1.0
2023,陕西,云南,216.77,0,1.0
2023,陕西,贵州,136.69,0,1.0
2023,陕西,辽宁,91.68,0,1.0
2023,陕西,吉林,172.86,0,1.0
2023,陕西,黑龙江,99.28,0,1.0
2023,陕西,北京,116.55,0,1.0
2023,陕西,天津,113.81,0,1.0
2023,陕西,河北,157.08,0,1.0
2023,云南,广东,138.98,0,1.0
2023,云南,江苏,174.71,0,1.0
2023,云南,浙江,84.16,0,1.0
2023,云南,上海,134.84,0,1.0
2023,云南,山东,85.46,0,1.0
2023,云南,湖北,88.91,0,1.0
2023,云南,湖南,123.4,0,1.0
2023,云南,河南,104.99,0,1.0
2023,云南,安徽,99.55,0,1.0
2023,云南,江西,185.96,0,1.0
2023,云南,四川,273.59,1,1.0
2023,云南,重庆,186.98,0,1.0
2023,云南,陕西,59.3,0,1.0
2023,云南,贵州,162.08,1,1.0
2023,云南,辽宁,222.94,0,1.0
2023,云南,吉林,208.43,0,1.0
2023,云南,黑龙江,118.95,0,1.0
2023,云南,北京,167.3,0,1.0
2023,云南,天津,123.22,0,1.0
2023,云南,河北,123.52,0,1.0
2023,贵州,广东,176.66,0,1.0
2023,贵州,江苏,110.89,0,1.0
2023,贵州,浙江,188.77,0,1.0
2023,贵州,上海,121.86,0,1.0
2023,贵州,山东,87.52,0,1.0
2023,贵州,湖北,127.27,0,1.0
2023,贵州,湖南,145.77,1,1.0
2023,贵州,河南,134.03,0,1.0
2023,贵州,安徽,152.54,0,1.0
2023,贵州,江西,154.13,0,1.0
2023,贵州,四川,254.43,1,1.0
2023,贵州,重庆,331.01,1,1.0
2023,贵州,陕西,120.46,0,1.0
2023,贵州,云南,199.1,1,1.0
2023,贵州,辽宁,133.14,0,1.0
2023,贵州,吉林,164.6,0,1.0
2023,贵州,黑龙江,89.81,0,1.0
2023,贵州,北京,119.16,0,1.0
2023,贵州,天津,86.15,0,1.0
2023,贵州,河北,114.14,0,1.0
2023,辽宁,广东,170.95,0,1.0
2023,辽宁,江苏,176.6,0,1.0
2023,辽宁,浙江,187.83,0,1.0
2023,辽宁,上海,85.81,0,1.0
2023,辽宁,山东,109.54,0,1.0
2023,辽宁,湖北,152.03,0,1.0
2023,辽宁,湖南,145.83,0,1.0
2023,辽宁,河南,152.16,0,1.0
2023,辽宁,安徽,129.84,0,1.0
2023,辽宁,江西,98.39,0,1.0
2023,辽宁,四川,110.69,0,1.0
2023,辽宁,重庆,67.04,0,1.0
2023,辽宁,陕西,122.94,0,1.0
2023,辽宁,云南,155.29,0,1.0
2023,辽宁,贵州,185.57,0,1.0
2023,辽宁,吉林,360.17,1,1.0
2023,辽宁,黑龙江,76.32,0,1.0
2023,辽宁,北京,147.67,0,1.0
2023,辽宁,天津,144.46,0,1.0
2023,辽宁,河北,318.85,1,1.0
2023,吉林,广东,167.16,0,1.0
2023,吉林,江苏,131.05,0,1.0
2023,吉林,浙江,182.63,0,1.0
2023,吉林,上海,107.62,0,1.0
2023,吉林,山东,93.5,0,1.0
2023,吉林,湖北,81.87,0,1.0
2023,吉林,湖南,175.69,0,1.0
2023,吉林,河南,71.84,0,1.0
2023,吉林,安徽,92.69,0,1.0
2023,吉林,江西,122.9,0,1.0
2023,吉林,四川,85.14,0,1.0
2023,吉林,重庆,84.34,0,1.0
2023,吉林,陕西,87.67,0,1.0
2023,吉林,云南,97.07,0,1.0
2023,吉林,贵州,130.72,0,1.0
2023,吉林,辽宁,227.63,1,1.0
2023,吉林,黑龙江,131.61,1,1.0
2023,吉林,北京,88.03,0,1.0
2023,吉林,天津,124.43,0,1.0
2023,吉林,河北,59.15,0,1.0
2023,黑龙江,广东,172.13,0,1.0
2023,黑龙江,江苏,75.59,0,1.0
2023,黑龙江,浙江,129.88,0,1.0
2023,黑龙江,上海,91.88,0,1.0
2023,黑龙江,山东,137.6,0,1.0
2023,黑龙江,湖北,116.72,0,1.0
2023,黑龙江,湖南,91.75,0,1.0
2023,黑龙江,河南,114.58,0,1.0
2023,黑龙江,安徽,111.11,0,1.0
2023,黑龙江,江西,168.9,0,1.0
2023,黑龙江,四川,111.71,0,1.0
2023,黑龙江,重庆,209.12,0,1.0
2023,黑龙江,陕西,95.33,0,1.0
2023,黑龙江,云南,152.7,0,1.0
2023,黑龙江,贵州,178.78,0,1.0
2023,黑龙江,辽宁,139.56,0,1.0
2023,黑龙江,吉林,137.58,1,1.0
2023,黑龙江,北京,64.28,0,1.0
2023,黑龙江,天津,139.14,0,1.0
2023,黑龙江,河北,155.69,0,1.0
2023,北京,广东,70.14,0,1.0
2023,北京,江苏,207.63,0,1.0
2023,北京,浙江,115.56,0,1.0
2023,北京,上海,99.2,0,1.0
2023,北京,山东,171.85,0,1.0
2023,北京,湖北,158.3,0,1.0
2023,北京,湖南,133.49,0,1.0
2023,北京,河南,57.59,0,1.0
2023,北京,安徽,168.35,0,1.0
2023,北京,江西,90.19,0,1.0
2023,北京,四川,126.65,0,1.0
2023,北京,重庆,122.11,0,1.0
2023,北京,陕西,62.25,0,1.0
2023,北京,云南,142.2,0,1.0
2023,北京,贵州,171.94,0,1.0
2023,北京,辽宁,115.92,0,1.0
2023,北京,吉林,88.93,0,1.0
2023,北京,黑龙江,116.31,0,1.0
2023,北京,天津,193.75,1,1.0
2023,北京,河北,408.12,1,1.0
2023,天津,广东,110.06,0,1.0
2023,天津,江苏,139.36,0,1.0
2023,天津,浙江,163.74,0,1.0
2023,天津,上海,169.15,0,1.0
2023,天津,山东,154.27,0,1.0
2023,天津,湖北,172.59,0,1.0
2023,天津,湖南,78.8,0,1.0
2023,天津,河南,207.86,0,1.0
2023,天津,安徽,121.48,0,1.0
2023,天津,江西,144.62,0,1.0
2023,天津,四川,129.99,0,1.0
2023,天津,重庆,190.95,0,1.0
2023,天津,陕西,70.75,0,1.0
2023,天津,云南,144.16,0,1.0
2023,天津,贵州,102.22,0,1.0
2023,天津,辽宁,170.14,0,1.0
2023,天津,吉林,106.31,0,1.0
2023,天津,黑龙江,194.86,0,1.0
2023,天津,北京,320.14,1,1.0
2023,天津,河北,347.25,1,1.0
2023,河北,广东,147.89,0,1.0
2023,河北,江苏,114.82,0,1.0
2023,河北,浙江,146.76,0,1.0
2023,河北,上海,159.12,0,1.0
2023,河北,山东,110.67,1,1.0
2023,河北,湖北,123.15,0,1.0
2023,河北,湖南,80.82,0,1.0
2023,河北,河南,255.16,1,1.0
2023,河北,安徽,115.24,0,1.0
2023,河北,江西,169.37,0,1.0
2023,河北,四川,200.37,0,1.0
2023,河北,重庆,75.5,0,1.0
2023,河北,陕西,124.94,0,1.0
2023,河北,云南,142.06,0,1.0
2023,河北,贵州,201.6,0,1.0
2023,河北,辽宁,258.66,1,1.0
2023,河北,吉林,88.6,0,1.0
2023,河北,黑龙江,178.61,0,1.0
2023,河北,北京,180.13,1,1.0
2023,河北,天津,166.32,1,1.0
2024,广东,江苏,94.72,0,1.0
2024,广东,浙江,163.84,0,1.0
2024,广东,上海,105.11,0,1.0
2024,广东,山东,83.32,0,1.0
2024,广东,湖北,152.67,0,1.0
2024,广东,湖南,186.95,1,1.0
2024,广东,河南,206.54,0,1.0
2024,广东,安徽,133.32,0,1.0
2024,广东,江西,307.61,1,1.0
2024,广东,四川,81.19,0,1.0
2024,广东,重庆,133.53,0,1.0
2024,广东,陕西,99.04,0,1.0
2024,广东,云南,214.82,0,1.0
2024,广东,贵州,83.34,0,1.0
2024,广东,辽宁,173.98,0,1.0
2024,广东,吉林,153.62,0,1.0
2024,广东,黑龙江,123.23,0,1.0
2024,广东,北京,152.7,0,1.0
2024,广东,天津,87.86,0,1.0
2024,广东,河北,113.43,0,1.0
2024,江苏,广东,138.91,0,1.0
2024,江苏,浙江,430.08,1,1.0
2024,江苏,上海,287.99,1,1.0
2024,江苏,山东,344.85,1,1.0
2024,江苏,湖北,140.41,0,1.0
2024,江苏,湖南,191.03,0,1.0
2024,江苏,河南,120.46,0,1.0
2024,江苏,安徽,207.1,1,1.0
2024,江苏,江西,120.78,0,1.0
2024,江苏,四川,95.43,0,1.0
2024,江苏,重庆,238.73,0,1.0
2024,江苏,陕西,80.72,0,1.0
2024,江苏,云南,110.02,0,1.0
2024,江苏,贵州,217.28,0,1.0
2024,江苏,辽宁,209.9,0,1.0
2024,江苏,吉林,206.13,0,1.0
2024,江苏,黑龙江,237.4,0,1.0
2024,江苏,北京,93.53,0,1.0
2024,江苏,天津,128.79,0,1.0
2024,江苏,河北,165.5,0,1.0
2024,浙江,广东,144.65,0,1.0
2024,浙江,江苏,199.37,1,1.0
2024,浙江,上海,364.36,1,1.0
2024,浙江,山东,115.82,0,1.0
2024,浙江,湖北,215.63,0,1.0
2024,浙江,湖南,157.72,0,1.0
2024,浙江,河南,180.68,0,1.0
2024,浙江,安徽,128.6,1,1.0
2024,浙江,江西,204.26,1,1.0
2024,浙江,四川,171.43,0,1.0
2024,浙江,重庆,180.58,0,1.0
2024,浙江,陕西,138.67,0,1.0
2024,浙江,云南,88.2,0,1.0
2024,浙江,贵州,95.39,0,1.0
2024,浙江,辽宁,128.34,0,1.0
2024,浙江,吉林,120.77,0,1.0
2024,浙江,黑龙江,245.19,0,1.0
2024,浙江,北京,191.66,0,1.0
2024,浙江,天津,76.81,0,1.0
2024,浙江,河北,113.16,0,1.0
2024,上海,广东,141.52,0,1.0
2024,上海,江苏,295.12,1,1.0
2024,上海,浙江,239.24,1,1.0
2024,上海,山东,147.11,0,1.0
2024,上海,湖北,147.15,0,1.0
2024,上海,湖南,109.78,0,1.0
2024,上海,河南,76.32,0,1.0
2024,上海,安徽,137.75,0,1.0
2024,上海,江西,90.87,0,1.0
2024,上海,四川,163.48,0,1.0
2024,上海,重庆,95.49,0,1.0
2024,上海,陕西,245.97,0,1.0
2024,上海,云南,166.15,0,1.0
2024,上海,贵州,220.37,0,1.0
2024,上海,辽宁,101.76,0,1.0
2024,上海,吉林,244.96,0,1.0
2024,上海,黑龙江,214.18,0,1.0
2024,上海,北京,89.3,0,1.0
2024,上海,天津,128.72,0,1.0
2024,上海,河北,90.64,0,1.0
2024,山东,广东,216.75,0,1.0
2024,山东,江苏,324.65,1,1.0
2024,山东,浙江,210.97,0,1.0
2024,山东,上海,175.29,0,1.0
2024,山东,湖北,120.25,0,1.0
2024,山东,湖南,85.38,0,1.0
2024,山东,河南,155.74,1,1.0
2024,山东,安徽,369.87,1,1.0
2024,山东,江西,155.89,0,1.0
2024,山东,四川,171.29,0,1.0
2024,山东,重庆,230.02,0,1.0
2024,山东,陕西,171.2,0,1.0
2024,山东,云南,152.04,0,1.0
2024,山东,贵州,245.82,0,1.0
2024,山东,辽宁,87.82,0,1.0
2024,山东,吉林,174.67,0,1.0
2024,山东,黑龙江,188.57,0,1.0
2024,山东,北京,76.21,0,1.0
2024,山东,天津,137.34,0,1.0
2024,山东,河北,299.68,1,1.0
2024,湖北,广东,137.06,0,1.0
2024,湖北,江苏,146.52,0,1.0
2024,湖北,浙江,185.18,0,1.0
2024,湖北,上海,111.34,0,1.0
2024,湖北,山东,139.01,0,1.0
2024,湖北,湖南,277.8,1,1.0
2024,湖北,河南,455.25,1,1.0
2024,湖北,安徽,353.17,1,1.0
2024,湖北,江西,371.8,1,1.0
2024,湖北,四川,117.82,0,1.0
2024,湖北,重庆,444.54,1,1.0
2024,湖北,陕西,294.29,1,1.0
2024,湖北,云南,159.24,0,1.0
2024,湖北,贵州,159.8,0,1.0
2024,湖北,辽宁,81.56,0,1.0
2024,湖北,吉林,87.85,0,1.0
2024,湖北,黑龙江,87.22,0,1.0
2024,湖北,北京,171.58,0,1.0
2024,湖北,天津,202.25,0,1.0
2024,湖北,河北,186.28,0,1.0
2024,湖南,广东,217.59,1,1.0
2024,湖南,江苏,69.13,0,1.0
2024,湖南,浙江,152.88,0,1.0
2024,湖南,上海,150.97,0,1.0
2024,湖南,山东,199.86,0,1.0
2024,湖南,湖北,409.98,1,1.0
2024,湖南,河南,83.92,0,1.0
2024,湖南,安徽,86.19,0,1.0
2024,湖南,江西,317.49,1,1.0
2024,湖南,四川,128.16,0,1.0
2024,湖南,重庆,133.03,1,1.0
2024,湖南,陕西,165.41,0,1.0
2024,湖南,云南,179.14,0,1.0
2024,湖南,贵州,347.92,1,1.0
2024,湖南,辽宁,138.13,0,1.0
2024,湖南,吉林,185.78,0,1.0
2024,湖南,黑龙江,206.42,0,1.0
2024,湖南,北京,118.73,0,1.0
2024,湖南,天津,206.51,0,1.0
2024,湖南,河北,210.61,0,1.0
2024,河南,广东,221.54,0,1.0
2024,河南,江苏,208.56,0,1.0
2024,河南,浙江,135.52,0,1.0
2024,河南,上海,108.93,0,1.0
2024,河南,山东,176.13,1,1.0
2024,河南,湖北,151.8,1,1.0
2024,河南,湖南,199.54,0,1.0
2024,河南,安徽,448.26,1,1.0
2024,河南,江西,111.85,0,1.0
2024,河南,四川,184.05,0,1.0
2024,河南,重庆,183.21,0,1.0
2024,河南,陕西,346.59,1,1.0
2024,河南,云南,93.39,0,1.0
2024,河南,贵州,158.41,0,1.0
2024,河南,辽宁,193.39,0,1.0
2024,河南,吉林,173.24,0,1.0
2024,河南,黑龙江,164.42,0,1.0
2024,河南,北京,172.02,0,1.0
2024,河南,天津,73.75,0,1.0
2024,河南,河北,356.31,1,1.0
2024,安徽,广东,65.3,0,1.0
2024,安徽,江苏,378.58,1,1.0
2024,安徽,浙江,422.58,1,1.0
2024,安徽,上海,147.78,0,1.0
2024,安徽,山东,188.5,1,1.0
2024,安徽,湖北,274.63,1,1.0
2024,安徽,湖南,134.83,0,1.0
2024,安徽,河南,350.96,1,1.0
2024,安徽,江西,154.05,1,1.0
2024,安徽,四川,121.59,0,1.0
2024,安徽,重庆,196.17,0,1.0
2024,安徽,陕西,224.39,0,1.0
2024,安徽,云南,70.34,0,1.0
2024,安徽,贵州,128.32,0,1.0
2024,安徽,辽宁,76.73,0,1.0
2024,安徽,吉林,216.38,0,1.0
2024,安徽,黑龙江,176.74,0,1.0
2024,安徽,北京,152.12,0,1.0
2024,安徽,天津,213.59,0,1.0
2024,安徽,河北,238.59,0,1.0
2024,江西,广东,239.76,1,1.0
2024,江西,江苏,134.03,0,1.0
2024,江西,浙江,427.72,1,1.0
2024,江西,上海,103.31,0,1.0
2024,江西,山东,114.73,0,1.0
2024,江西,湖北,209.51,1,1.0
2024,江西,湖南,344.52,1,1.0
2024,江西,河南,147.33,0,1.0
2024,江西,安徽,437.81,1,1.0
2024,江西,四川,185.67,0,1.0
2024,江西,重庆,240.75,0,1.0
2024,江西,陕西,174.91,0,1.0
2024,江西,云南,69.63,0,1.0
2024,江西,贵州,215.49,0,1.0
2024,江西,辽宁,124.18,0,1.0
2024,江西,吉林,92.82,0,1.0
2024,江西,黑龙江,74.61,0,1.0
2024,江西,北京,110.36,0,1.0
2024,江西,天津,204.14,0,1.0
2024,江西,河北,92.68,0,1.0
2024,四川,广东,123.68,0,1.0
2024,四川,江苏,218.22,0,1.0
2024,四川,浙江,129.08,0,1.0
2024,四川,上海,91.59,0,1.0
2024,四川,山东,178.26,0,1.0
2024,四川,湖北,203.47,0,1.0
2024,四川,湖南,99.03,0,1.0
2024,四川,河南,113.53,0,1.0
2024,四川,安徽,156.38,0,1.0
2024,四川,江西,87.49,0,1.0
2024,四川,重庆,276.17,1,1.0
2024,四川,陕西,360.04,1,1.0
2024,四川,云南,247.27,1,1.0
2024,四川,贵州,320.74,1,1.0
2024,四川,辽宁,141.55,0,1.0
2024,四川,吉林,147.99,0,1.0
2024,四川,黑龙江,108.68,0,1.0
2024,四川,北京,206.35,0,1.0
2024,四川,天津,163.61,0,1.0
2024,四川,河北,147.19,0,1.0
2024,重庆,广东,168.39,0,1.0
2024,重庆,江苏,188.66,0,1.0
2024,重庆,浙江,92.08,0,1.0
2024,重庆,上海,220.41,0,1.0
2024,重庆,山东,195.1,0,1.0
2024,重庆,湖北,381.09,1,1.0
2024,重庆,湖南,237.26,1,1.0
2024,重庆,河南,239.57,0,1.0
2024,重庆,安徽,129.91,0,1.0
2024,重庆,江西,115.92,0,1.0
2024,重庆,四川,279.55,1,1.0
2024,重庆,陕西,442.95,1,1.0
2024,重庆,云南,186.02,0,1.0
2024,重庆,贵州,185.38,1,1.0
2024,重庆,辽宁,164.51,0,1.0
2024,重庆,吉林,74.43,0,1.0
2024,重庆,黑龙江,136.05,0,1.0
2024,重庆,北京,208.98,0,1.0
2024,重庆,天津,195.01,0,1.0
2024,重庆,河北,199.11,0,1.0
2024,陕西,广东,227.39,0,1.0
2024,陕西,江苏,118.97,0,1.0
2024,陕西,浙江,135.58,0,1.0
2024,陕西,上海,115.76,0,1.0
2024,陕西,山东,123.75,0,1.0
2024,陕西,湖北,168.8,1,1.0
2024,陕西,湖南,138.97,0,1.0
2024,陕西,河南,371.01,1,1.0
2024,陕西,安徽,210.72,0,1.0
2024,陕西,江西,147.74,0,1.0
2024,陕西,四川,212.65,1,1.0
2024,陕西,重庆,291.38,1,1.0
2024,陕西,云南,140.22,0,1.0
2024,陕西,贵州,174.91,0,1.0
2024,陕西,辽宁,124.17,0,1.0
2024,陕西,吉林,150.46,0,1.0
2024,陕西,黑龙江,86.15,0,1.0
2024,陕西,北京,162.29,0,1.0
2024,陕西,天津,89.56,0,1.0
2024,陕西,河北,151.78,0,1.0
2024,云南,广东,201.82,0,1.0
2024,云南,江苏,91.67,0,1.0
2024,云南,浙江,90.79,0,1.0
2024,云南,上海,232.58,0,1.0
2024,云南,山东,120.51,0,1.0
2024,云南,湖北,247.96,0,1.0
2024,云南,湖南,162.37,0,1.0
2024,云南,河南,109.46,0,1.0
2024,云南,安徽,237.16,0,1.0
2024,云南,江西,80.97,0,1.0
2024,云南,四川,361.5,1,1.0
2024,云南,重庆,83.82,0,1.0
2024,云南,陕西,129.75,0,1.0
2024,云南,贵州,298.75,1,1.0
2024,云南,辽宁,119.2,0,1.0
2024,云南,吉林,183.95,0,1.0
2024,云南,黑龙江,164.3,0,1.0
2024,云南,北京,116.91,0,1.0
2024,云南,天津,142.65,0,1.0
2024,云南,河北,104.23,0,1.0
2024,贵州,广东,78.78,0,1.0
2024,贵州,江苏,173.71,0,1.0
2024,贵州,浙江,135.83,0,1.0
2024,贵州,上海,162.06,0,1.0
2024,贵州,山东,204.92,0,1.0
2024,贵州,湖北,171.42,0,1.0
2024,贵州,湖南,275.64,1,1.0
2024,贵州,河南,97.18,0,1.0
2024,贵州,安徽,117.35,0,1.0
2024,贵州,江西,123.7,0,1.0
2024,贵州,四川,395.13,1,1.0
2024,贵州,重庆,319.77,1,1.0
2024,贵州,陕西,106.75,0,1.0
2024,贵州,云南,173.0,1,1.0
2024,贵州,辽宁,147.58,0,1.0
2024,贵州,吉林,184.39,0,1.0
2024,贵州,黑龙江,105.73,0,1.0
2024,贵州,北京,158.43,0,1.0
2024,贵州,天津,68.81,0,1.0
2024,贵州,河北,187.85,0,1.0
2024,辽宁,广东,224.62,0,1.0
2024,辽宁,江苏,115.23,0,1.0
2024,辽宁,浙江,188.96,0,1.0
2024,辽宁,上海,118.86,0,1.0
2024,辽宁,山东,151.12,0,1.0
2024,辽宁,湖北,113.44,0,1.0
2024,辽宁,湖南,89.07,0,1.0
2024,辽宁,河南,89.74,0,1.0
2024,辽宁,安徽,213.22,0,1.0
2024,辽宁,江西,123.5,0,1.0
2024,辽宁,四川,145.57,0,1.0
2024,辽宁,重庆,106.82,0,1.0
2024,辽宁,陕西,64.06,0,1.0
2024,辽宁,云南,175.44,0,1.0
2024,辽宁,贵州,65.65,0,1.0
2024,辽宁,吉林,306.29,1,1.0
2024,辽宁,黑龙江,148.28,0,1.0
2024,辽宁,北京,118.41,0,1.0
2024,辽宁,天津,105.33,0,1.0
2024,辽宁,河北,310.62,1,1.0
2024,吉林,广东,241.71,0,1.0
2024,吉林,江苏,132.84,0,1.0
2024,吉林,浙江,70.46,0,1.0
2024,吉林,上海,189.3,0,1.0
2024,吉林,山东,135.59,0,1.0
2024,吉林,湖北,120.36,0,1.0
2024,吉林,湖南,235.29,0,1.0
2024,吉林,河南,236.09,0,1.0
2024,吉林,安徽,90.22,0,1.0
2024,吉林,江西,212.89,0,1.0
2024,吉林,四川,114.0,0,1.0
2024,吉林,重庆,74.19,0,1.0
2024,吉林,陕西,101.9,0,1.0
2024,吉林,云南,99.78,0,1.0
2024,吉林,贵州,141.04,0,1.0
2024,吉林,辽宁,279.42,1,1.0
2024,吉林,黑龙江,137.28,1,1.0
2024,吉林,北京,185.17,0,1.0
2024,吉林,天津,168.07,0,1.0
2024,吉林,河北,153.27,0,1.0
2024,黑龙江,广东,91.03,0,1.0
2024,黑龙江,江苏,213.93,0,1.0
2024,黑龙江,浙江,155.92,0,1.0
2024,黑龙江,上海,86.56,0,1.0
2024,黑龙江,山东,182.35,0,1.0
2024,黑龙江,湖北,128.73,0,1.0
2024,黑龙江,湖南,147.73,0,1.0
2024,黑龙江,河南,176.11,0,1.0
2024,黑龙江,安徽,199.46,0,1.0
2024,黑龙江,江西,85.42,0,1.0
2024,黑龙江,四川,126.89,0,1.0
2024,黑龙江,重庆,95.13,0,1.0
2024,黑龙江,陕西,193.69,0,1.0
2024,黑龙江,云南,156.64,0,1.0
2024,黑龙江,贵州,218.66,0,1.0
2024,黑龙江,辽宁,159.33,0,1.0
2024,黑龙江,吉林,384.41,1,1.0
2024,黑龙江,北京,129.6,0,1.0
2024,黑龙江,天津,210.08,0,1.0
2024,黑龙江,河北,156.86,0,1.0
2024,北京,广东,104.73,0,1.0
2024,北京,江苏,172.66,0,1.0
2024,北京,浙江,87.36,0,1.0
2024,北京,上海,195.7,0,1.0
2024,北京,山东,148.5,0,1.0
2024,北京,湖北,109.61,0,1.0
2024,北京,湖南,79.6,0,1.0
2024,北京,河南,100.54,0,1.0
2024,北京,安徽,167.36,0,1.0
2024,北京,江西,83.97,0,1.0
2024,北京,四川,96.55,0,1.0
2024,北京,重庆,84.55,0,1.0
2024,北京,陕西,65.97,0,1.0
2024,北京,云南,167.11,0,1.0
2024,北京,贵州,111.81,0,1.0
2024,北京,辽宁,147.72,0,1.0
2024,北京,吉林,129.35,0,1.0
2024,北京,黑龙江,188.09,0,1.0
2024,北京,天津,173.44,1,1.0
2024,北京,河北,261.6,1,1.0
2024,天津,广东,176.22,0,1.0
2024,天津,江苏,102.04,0,1.0
2024,天津,浙江,100.03,0,1.0
2024,天津,上海,200.9,0,1.0
2024,天津,山东,130.89,0,1.0
2024,天津,湖北,190.39,0,1.0
2024,天津,湖南,120.02,0,1.0
2024,天津,河南,128.71,0,1.0
2024,天津,安徽,228.47,0,1.0
2024,天津,江西,189.06,0,1.0
2024,天津,四川,186.24,0,1.0
2024,天津,重庆,114.27,0,1.0
2024,天津,陕西,211.1,0,1.0
2024,天津,云南,60.28,0,1.0
2024,天津,贵州,140.81,0,1.0
2024,天津,辽宁,89.96,0,1.0
2024,天津,吉林,113.85,0,1.0
2024,天津,黑龙江,140.86,0,1.0
2024,天津,北京,227.62,1,1.0
2024,天津,河北,351.99,1,1.0
2024,河北,广东,120.96,0,1.0
2024,河北,江苏,148.46,0,1.0
2024,河北,浙江,91.72,0,1.0
2024,河北,上海,180.68,0,1.0
2024,河北,山东,423.04,1,1.0
2024,河北,湖北,119.99,0,1.0
2024,河北,湖南,137.72,0,1.0
2024,河北,河南,363.17,1,1.0
2024,河北,安徽,135.61,0,1.0
2024,河北,江西,104.17,0,1.0
2024,河北,四川,177.49,0,1.0
2024,河北,重庆,99.64,0,1.0
2024,河北,陕西,193.8,0,1.0
2024,河北,云南,207.96,0,1.0
2024,河北,贵州,110.16,0,1.0
2024,河北,辽宁,218.92,1,1.0
2024,河北,吉林,125.31,0,1.0
2024,河北,黑龙江,131.79,0,1.0
2024,河北,北京,186.26,1,1.0
2024,河北,天津,149.85,1,1.0
2025,广东,江苏,47.13,0,0.25
2025,广东,浙江,39.36,0,0.25
2025,广东,上海,41.52,0,0.25
2025,广东,山东,25.36,0,0.25
2025,广东,湖北,60.4,0,0.25
2025,广东,湖南,83.28,1,0.25
2025,广东,河南,38.49,0,0.25
2025,广东,安徽,33.7,0,0.25
2025,广东,江西,38.11,1,0.25
2025,广东,四川,32.28,0,0.25
2025,广东,重庆,64.9,0,0.25
2025,广东,陕西,30.43,0,0.25
2025,广东,云南,41.58,0,0.25
2025,广东,贵州,45.82,0,0.25
2025,广东,辽宁,54.18,0,0.25
2025,广东,吉林,24.18,0,0.25
2025,广东,黑龙江,22.56,0,0.25
2025,广东,北京,28.78,0,0.25
2025,广东,天津,21.3,0,0.25
2025,广东,河北,47.28,0,0.25
2025,江苏,广东,41.57,0,0.25
2025,江苏,浙江,94.37,1,0.25
2025,江苏,上海,70.86,1,0.25
2025,江苏,山东,85.47,1,0.25
2025,江苏,湖北,38.16,0,0.25
2025,江苏,湖南,36.77,0,0.25
2025,江苏,河南,40.27,0,0.25
2025,江苏,安徽,77.3,1,0.25
2025,江苏,江西,38.05,0,0.25
2025,江苏,四川,41.41,0,0.25
2025,江苏,重庆,35.79,0,0.25
2025,江苏,陕西,57.29,0,0.25
2025,江苏,云南,31.91,0,0.25
2025,江苏,贵州,32.35,0,0.25
2025,江苏,辽宁,20.94,0,0.25
2025,江苏,吉林,42.43,0,0.25
2025,江苏,黑龙江,24.58,0,0.25
2025,江苏,北京,45.64,0,0.25
2025,江苏,天津,51.83,0,0.25
2025,江苏,河北,49.7,0,0.25
2025,浙江,广东,20.22,0,0.25
2025,浙江,江苏,66.36,1,0.25
2025,浙江,上海,46.01,1,0.25
2025,浙江,山东,33.79,0,0.25
2025,浙江,湖北,46.69,0,0.25
2025,浙江,湖南,49.92,0,0.25
2025,浙江,河南,54.83,0,0.25
2025,浙江,安徽,73.04,1,0.25
2025,浙江,江西,115.87,1,0.25
2025,浙江,四川,28.39,0,0.25
2025,浙江,重庆,21.34,0,0.25
2025,浙江,陕西,39.76,0,0.25
2025,浙江,云南,34.12,0,0.25
2025,浙江,贵州,38.83,0,0.25
2025,浙江,辽宁,26.02,0,0.25
2025,浙江,吉林,27.27,0,0.25
2025,浙江,黑龙江,47.7,0,0.25
2025,浙江,北京,44.42,0,0.25
2025,浙江,天津,28.57,0,0.25
2025,浙江,河北,39.98,0,0.25
2025,上海,广东,34.37,0,0.25
2025,上海,江苏,76.45,1,0.25
2025,上海,浙江,80.13,1,0.25
2025,上海,山东,46.22,0,0.25
2025,上海,湖北,27.2,0,0.25
2025,上海,湖南,52.3,0,0.25
2025,上海,河南,32.8,0,0.25
2025,上海,安徽,32.01,0,0.25
2025,上海,江西,49.49,0,0.25
2025,上海,四川,24.23,0,0.25
2025,上海,重庆,39.1,0,0.25
2025,上海,陕西,22.99,0,0.25
2025,上海,云南,51.78,0,0.25
2025,上海,贵州,32.53,0,0.25
2025,上海,辽宁,27.91,0,0.25
2025,上海,吉林,42.69,0,0.25
2025,上海,黑龙江,28.95,0,0.25
2025,上海,北京,43.55,0,0.25
2025,上海,天津,52.92,0,0.25
2025,上海,河北,35.76,0,0.25
2025,山东,广东,59.94,0,0.25
2025,山东,江苏,75.44,1,0.25
2025,山东,浙江,32.16,0,0.25
2025,山东,上海,53.83,0,0.25
2025,山东,湖北,17.04,0,0.25
2025,山东,湖南,62.07,0,0.25
2025,山东,河南,58.18,1,0.25
2025,山东,安徽,43.72,1,0.25
2025,山东,江西,40.63,0,0.25
2025,山东,四川,40.18,0,0.25
2025,山东,重庆,55.65,0,0.25
2025,山东,陕西,54.54,0,0.25
2025,山东,云南,26.22,0,0.25
2025,山东,贵州,27.52,0,0.25
2025,山东,辽宁,42.76,0,0.25
2025,山东,吉林,44.1,0,0.25
2025,山东,黑龙江,61.14,0,0.25
2025,山东,北京,28.12,0,0.25
2025,山东,天津,24.91,0,0.25
2025,山东,河北,49.99,1,0.25
2025,湖北,广东,40.82,0,0.25
2025,湖北,江苏,28.32,0,0.25
2025,湖北,浙江,28.17,0,0.25
2025,湖北,上海,46.08,0,0.25
2025,湖北,山东,18.34,0,0.25
2025,湖北,湖南,46.97,1,0.25
2025,湖北,河南,80.54,1,0.25
2025,湖北,安徽,51.0,1,0.25
2025,湖北,江西,59.39,1,0.25
2025,湖北,四川,46.67,0,0.25
2025,湖北,重庆,113.91,1,0.25
2025,湖北,陕西,115.12,1,0.25
2025,湖北,云南,15.55,0,0.25
2025,湖北,贵州,58.08,0,0.25
2025,湖北,辽宁,45.07,0,0.25
2025,湖北,吉林,25.69,0,0.25
2025,湖北,黑龙江,30.92,0,0.25
2025,湖北,北京,24.89,0,0.25
2025,湖北,天津,56.47,0,0.25
2025,湖北,河北,33.69,0,0.25
2025,湖南,广东,56.42,1,0.25
2025,湖南,江苏,28.93,0,0.25
2025,湖南,浙江,27.39,0,0.25
2025,湖南,上海,53.87,0,0.25
2025,湖南,山东,27.64,0,0.25
2025,湖南,湖北,48.72,1,0.25
2025,湖南,河南,36.43,0,0.25
2025,湖南,安徽,21.23,0,0.25
2025,湖南,江西,53.1,1,0.25
2025,湖南,四川,26.26,0,0.25
2025,湖南,重庆,53.24,1,0.25
2025,湖南,陕西,26.67,0,0.25
2025,湖南,云南,20.94,0,0.25
2025,湖南,贵州,60.07,1,0.25
2025,湖南,辽宁,20.42,0,0.25
2025,湖南,吉林,26.63,0,0.25
2025,湖南,黑龙江,37.54,0,0.25
2025,湖南,北京,49.42,0,0.25
2025,湖南,天津,36.64,0,0.25
2025,湖南,河北,38.72,0,0.25
2025,河南,广东,54.69,0,0.25
2025,河南,江苏,51.96,0,0.25
2025,河南,浙江,19.86,0,0.25
2025,河南,上海,33.1,0,0.25
2025,河南,山东,53.86,1,0.25
2025,河南,湖北,72.41,1,0.25
2025,河南,湖南,64.25,0,0.25
2025,河南,安徽,41.44,1,0.25
2025,河南,江西,26.82,0,0.25
2025,河南,四川,29.24,0,0.25
2025,河南,重庆,41.51,0,0.25
2025,河南,陕西,49.35,1,0.25
2025,河南,云南,33.62,0,0.25
2025,河南,贵州,44.66,0,0.25
2025,河南,辽宁,20.03,0,0.25
2025,河南,吉林,24.52,0,0.25
2025,河南,黑龙江,20.01,0,0.25
2025,河南,北京,33.23,0,0.25
2025,河南,天津,35.92,0,0.25
2025,河南,河北,44.32,1,0.25
2025,安徽,广东,20.57,0,0.25
2025,安徽,江苏,107.66,1,0.25
2025,安徽,浙江,108.56,1,0.25
2025,安徽,上海,36.18,0,0.25
2025,安徽,山东,81.15,1,0.25
2025,安徽,湖北,68.67,1,0.25
2025,安徽,湖南,24.42,0,0.25
2025,安徽,河南,101.24,1,0.25
2025,安徽,江西,50.37,1,0.25
2025,安徽,四川,37.78,0,0.25
2025,安徽,重庆,48.81,0,0.25
2025,安徽,陕西,32.39,0,0.25
2025,安徽,云南,25.91,0,0.25
2025,安徽,贵州,40.21,0,0.25
2025,安徽,辽宁,24.87,0,0.25
2025,安徽,吉林,22.59,0,0.25
2025,安徽,黑龙江,22.91,0,0.25
2025,安徽,北京,40.22,0,0.25
2025,安徽,天津,34.67,0,0.25
2025,安徽,河北,42.75,0,0.25
2025,江西,广东,100.5,1,0.25
2025,江西,江苏,24.29,0,0.25
2025,江西,浙江,45.61,1,0.25
2025,江西,上海,38.87,0,0.25
2025,江西,山东,33.96,0,0.25
2025,江西,湖北,50.26,1,0.25
2025,江西,湖南,107.94,1,0.25
2025,江西,河南,35.78,0,0.25
2025,江西,安徽,48.5,1,0.25
2025,江西,四川,56.0,0,0.25
2025,江西,重庆,30.97,0,0.25
2025,江西,陕西,57.66,0,0.25
2025,江西,云南,41.26,0,0.25
2025,江西,贵州,35.96,0,0.25
2025,江西,辽宁,32.89,0,0.25
2025,江西,吉林,40.96,0,0.25
2025,江西,黑龙江,50.47,0,0.25
2025,江西,北京,19.23,0,0.25
2025,江西,天津,27.07,0,0.25
2025,江西,河北,28.07,0,0.25
2025,四川,广东,38.75,0,0.25
2025,四川,江苏,22.55,0,0.25
2025,四川,浙江,32.78,0,0.25
2025,四川,上海,27.75,0,0.25
2025,四川,山东,35.77,0,0.25
2025,四川,湖北,35.81,0,0.25
2025,四川,湖南,27.85,0,0.25
2025,四川,河南,21.85,0,0.25
2025,四川,安徽,55.81,0,0.25
2025,四川,江西,24.28,0,0.25
2025,四川,重庆,51.61,1,0.25
2025,四川,陕西,106.78,1,0.25
2025,四川,云南,60.16,1,0.25
2025,四川,贵州,35.67,1,0.25
2025,四川,辽宁,25.86,0,0.25
2025,四川,吉林,38.33,0,0.25
2025,四川,黑龙江,35.95,0,0.25
2025,四川,北京,32.38,0,0.25
2025,四川,天津,37.13,0,0.25
2025,四川,河北,55.45,0,0.25
2025,重庆,广东,45.39,0,0.25
2025,重庆,江苏,24.48,0,0.25
2025,重庆,浙江,58.59,0,0.25
2025,重庆,上海,37.08,0,0.25
2025,重庆,山东,17.55,0,0.25
2025,重庆,湖北,72.07,1,0.25
2025,重庆,湖南,98.06,1,0.25
2025,重庆,河南,38.45,0,0.25
2025,重庆,安徽,51.79,0,0.25
2025,重庆,江西,21.06,0,0.25
2025,重庆,四川,68.92,1,0.25
2025,重庆,陕西,99.91,1,0.25
2025,重庆,云南,43.54,0,0.25
2025,重庆,贵州,88.24,1,0.25
2025,重庆,辽宁,21.52,0,0.25
2025,重庆,吉林,63.01,0,0.25
2025,重庆,黑龙江,40.75,0,0.25
2025,重庆,北京,27.19,0,0.25
2025,重庆,天津,42.49,0,0.25
2025,重庆,河北,56.23,0,0.25
2025,陕西,广东,20.94,0,0.25
2025,陕西,江苏,25.11,0,0.25
2025,陕西,浙江,49.54,0,0.25
2025,陕西,上海,49.38,0,0.25
2025,陕西,山东,37.37,0,0.25
2025,陕西,湖北,77.58,1,0.25
2025,陕西,湖南,39.32,0,0.25
2025,陕西,河南,104.02,1,0.25
2025,陕西,安徽,35.84,0,0.25
2025,陕西,江西,41.91,0,0.25
2025,陕西,四川,70.72,1,0.25
2025,陕西,重庆,72.84,1,0.25
2025,陕西,云南,50.21,0,0.25
2025,陕西,贵州,48.15,0,0.25
2025,陕西,辽宁,29.46,0,0.25
2025,陕西,吉林,32.55,0,0.25
2025,陕西,黑龙江,49.53,0,0.25
2025,陕西,北京,49.21,0,0.25
2025,陕西,天津,30.53,0,0.25
2025,陕西,河北,28.86,0,0.25
2025,云南,广东,26.08,0,0.25
2025,云南,江苏,44.21,0,0.25
2025,云南,浙江,27.52,0,0.25
2025,云南,上海,26.24,0,0.25
2025,云南,山东,34.09,0,0.25
2025,云南,湖北,46.28,0,0.25
2025,云南,湖南,20.42,0,0.25
2025,云南,河南,45.22,0,0.25
2025,云南,安徽,21.26,0,0.25
2025,云南,江西,51.28,0,0.25
2025,云南,四川,46.66,1,0.25
2025,云南,重庆,25.13,0,0.25
2025,云南,陕西,52.05,0,0.25
2025,云南,贵州,42.08,1,0.25
2025,云南,辽宁,44.91,0,0.25
2025,云南,吉林,36.12,0,0.25
2025,云南,黑龙江,45.31,0,0.25
2025,云南,北京,38.98,0,0.25
2025,云南,天津,41.43,0,0.25
2025,云南,河北,50.37,0,0.25
2025,贵州,广东,35.37,0,0.25
2025,贵州,江苏,51.07,0,0.25
2025,贵州,浙江,46.69,0,0.25
2025,贵州,上海,40.58,0,0.25
2025,贵州,山东,42.41,0,0.25
2025,贵州,湖北,26.84,0,0.25
2025,贵州,湖南,56.65,1,0.25
2025,贵州,河南,46.39,0,0.25
2025,贵州,安徽,15.43,0,0.25
2025,贵州,江西,43.21,0,0.25
2025,贵州,四川,91.97,1,0.25
2025,贵州,重庆,49.33,1,0.25
2025,贵州,陕西,42.82,0,0.25
2025,贵州,云南,36.44,1,0.25
2025,贵州,辽宁,38.84,0,0.25
2025,贵州,吉林,49.37,0,0.25
2025,贵州,黑龙江,46.44,0,0.25
2025,贵州,北京,36.59,0,0.25
2025,贵州,天津,41.17,0,0.25
2025,贵州,河北,26.16,0,0.25
2025,辽宁,广东,23.89,0,0.25
2025,辽宁,江苏,41.97,0,0.25
2025,辽宁,浙江,38.82,0,0.25
2025,辽宁,上海,44.73,0,0.25
2025,辽宁,山东,50.88,0,0.25
2025,辽宁,湖北,41.2,0,0.25
2025,辽宁,湖南,52.36,0,0.25
2025,辽宁,河南,51.88,0,0.25
2025,辽宁,安徽,16.96,0,0.25
2025,辽宁,江西,57.7,0,0.25
2025,辽宁,四川,22.48,0,0.25
2025,辽宁,重庆,47.45,0,0.25
2025,辽宁,陕西,20.4,0,0.25
2025,辽宁,云南,28.24,0,0.25
2025,辽宁,贵州,33.76,0,0.25
2025,辽宁,吉林,39.77,1,0.25
2025,辽宁,黑龙江,52.23,0,0.25
2025,辽宁,北京,50.17,0,0.25
2025,辽宁,天津,47.37,0,0.25
2025,辽宁,河北,45.11,1,0.25
2025,吉林,广东,21.22,0,0.25
2025,吉林,江苏,24.61,0,0.25
2025,吉林,浙江,32.83,0,0.25
2025,吉林,上海,45.89,0,0.25
2025,吉林,山东,33.01,0,0.25
2025,吉林,湖北,41.57,0,0.25
2025,吉林,湖南,23.83,0,0.25
2025,吉林,河南,60.46,0,0.25
2025,吉林,安徽,56.52,0,0.25
2025,吉林,江西,39.06,0,0.25
2025,吉林,四川,45.14,0,0.25
2025,吉林,重庆,38.05,0,0.25
2025,吉林,陕西,53.99,0,0.25
2025,吉林,云南,23.3,0,0.25
2025,吉林,贵州,19.48,0,0.25
2025,吉林,辽宁,50.99,1,0.25
2025,吉林,黑龙江,85.74,1,0.25
2025,吉林,北京,17.46,0,0.25
2025,吉林,天津,40.41,0,0.25
2025,吉林,河北,57.46,0,0.25
2025,黑龙江,广东,52.75,0,0.25
2025,黑龙江,江苏,38.0,0,0.25
2025,黑龙江,浙江,38.6,0,0.25
2025,黑龙江,上海,34.93,0,0.25
2025,黑龙江,山东,56.24,0,0.25
2025,黑龙江,湖北,41.74,0,0.25
2025,黑龙江,湖南,32.96,0,0.25
2025,黑龙江,河南,39.82,0,0.25
2025,黑龙江,安徽,21.57,0,0.25
2025,黑龙江,江西,49.83,0,0.25
2025,黑龙江,四川,55.06,0,0.25
2025,黑龙江,重庆,36.78,0,0.25
2025,黑龙江,陕西,26.3,0,0.25
2025,黑龙江,云南,21.84,0,0.25
2025,黑龙江,贵州,28.51,0,0.25
2025,黑龙江,辽宁,33.75,0,0.25
2025,黑龙江,吉林,41.63,1,0.25
2025,黑龙江,北京,33.87,0,0.25
2025,黑龙江,天津,55.91,0,0.25
2025,黑龙江,河北,32.56,0,0.25
2025,北京,广东,30.7,0,0.25
2025,北京,江苏,28.45,0,0.25
2025,北京,浙江,20.57,0,0.25
2025,北京,上海,21.82,0,0.25
2025,北京,山东,48.14,0,0.25
2025,北京,湖北,37.53,0,0.25
2025,北京,湖南,36.34,0,0.25
2025,北京,河南,19.63,0,0.25
2025,北京,安徽,35.29,0,0.25
2025,北京,江西,42.82,0,0.25
2025,北京,四川,23.03,0,0.25
2025,北京,重庆,44.34,0,0.25
2025,北京,陕西,42.69,0,0.25
2025,北京,云南,37.77,0,0.25
2025,北京,贵州,49.04,0,0.25
2025,北京,辽宁,47.69,0,0.25
2025,北京,吉林,43.11,0,0.25
2025,北京,黑龙江,38.68,0,0.25
2025,北京,天津,92.76,1,0.25
2025,北京,河北,74.6,1,0.25
2025,天津,广东,30.46,0,0.25
2025,天津,江苏,47.27,0,0.25
2025,天津,浙江,43.54,0,0.25
2025,天津,上海,51.79,0,0.25
2025,天津,山东,29.32,0,0.25
2025,天津,湖北,36.16,0,0.25
2025,天津,湖南,45.11,0,0.25
2025,天津,河南,43.11,0,0.25
2025,天津,安徽,38.55,0,0.25
2025,天津,江西,37.98,0,0.25
2025,天津,四川,16.77,0,0.25
2025,天津,重庆,50.0,0,0.25
2025,天津,陕西,35.79,0,0.25
2025,天津,云南,37.95,0,0.25
2025,天津,贵州,43.53,0,0.25
2025,天津,辽宁,19.05,0,0.25
2025,天津,吉林,59.69,0,0.25
2025,天津,黑龙江,35.09,0,0.25
2025,天津,北京,123.78,1,0.25
2025,天津,河北,70.51,1,0.25
2025,河北,广东,51.33,0,0.25
2025,河北,江苏,26.32,0,0.25
2025,河北,浙江,24.61,0,0.25
2025,河北,上海,22.3,0,0.25
2025,河北,山东,115.98,1,0.25
2025,河北,湖北,44.58,0,0.25
2025,河北,湖南,39.23,0,0.25
2025,河北,河南,83.83,1,0.25
2025,河北,安徽,20.48,0,0.25
2025,河北,江西,38.39,0,0.25
2025,河北,四川,18.35,0,0.25
2025,河北,重庆,24.68,0,0.25
2025,河北,陕西,32.93,0,0.25
2025,河北,云南,50.95,0,0.25
2025,河北,贵州,58.36,0,0.25
2025,河北,辽宁,47.21,1,0.25
2025,河北,吉林,35.05,0,0.25
2025,河北,黑龙江,48.62,0,0.25
2025,河北,北京,98.37,1,0.25
2025,河北,天津,97.73,1,0.25
